date,close,available_date,period_end,ttm_eps,pe,pe_mean,pe_std,price_m2,price_m1,price_mean,price_p1,price_p2,forward_eps,forward_pe,forward_pe_mean,forward_pe_std,forward_price_m2,forward_price_m1,forward_price_mean,forward_price_p1,forward_price_p2
2024-09-24,32.250000,2024-08-14,2024-06-30,0.920000,35.054348,31.584323,2.134232,25.130589,27.094083,29.057577,31.021071,32.984565,,,,,,,,,
2024-09-25,32.750000,2024-08-14,2024-06-30,0.920000,35.597826,31.628220,2.162210,25.119496,27.108729,29.097962,31.087195,33.076428,,,,,,,,,
2024-09-26,32.600000,2024-08-14,2024-06-30,0.920000,35.434783,31.672330,2.185493,25.117237,27.127891,29.138544,31.149197,33.159851,,,,,,,,,
2024-09-27,33.300000,2024-08-14,2024-06-30,0.920000,36.195652,31.722388,2.219750,25.100257,27.142427,29.184597,31.226767,33.268938,,,,,,,,,
2024-09-30,33.800000,2024-08-14,2024-06-30,0.920000,36.739130,31.774617,2.263380,25.068029,27.150338,29.232648,31.314957,33.397267,,,,,,,,,
2024-10-01,33.700000,2024-08-14,2024-06-30,0.920000,36.630435,31.824761,2.303727,25.039921,27.159350,29.278780,31.398209,33.517638,,,,,,,,,
2024-10-04,33.800000,2024-08-14,2024-06-30,0.920000,36.739130,31.873845,2.345140,25.008880,27.166408,29.323937,31.481466,33.638994,,,,,,,,,
2024-10-07,33.500000,2024-08-14,2024-06-30,0.920000,36.413043,31.922570,2.378247,24.992789,27.180777,29.368764,31.556751,33.744739,,,,,,,,,
2024-10-08,33.050000,2024-08-14,2024-06-30,0.920000,35.923913,31.968791,2.401746,24.992075,27.201681,29.411288,31.620894,33.830501,,,,,,,,,
2024-10-09,32.450000,2024-08-14,2024-06-30,0.920000,35.271739,32.008398,2.416777,25.000856,27.224291,29.447726,31.671161,33.894597,,,,,,,,,
2024-10-11,32.500000,2024-08-14,2024-06-30,0.920000,35.326087,32.047672,2.432159,25.008686,27.246272,29.483858,31.721444,33.959030,,,,,,,,,
2024-10-14,32.550000,2024-08-14,2024-06-30,0.920000,35.380435,32.085827,2.448311,25.014069,27.266515,29.518961,31.771406,34.023852,,,,,,,,,
2024-10-15,32.500000,2024-08-14,2024-06-30,0.920000,35.326087,32.123135,2.463371,25.020682,27.286983,29.553284,31.819586,34.085887,,,,,,,,,
2024-10-16,32.150000,2024-08-14,2024-06-30,0.920000,34.945652,32.162777,2.470245,25.044503,27.317129,29.589755,31.862380,34.135006,,,,,,,,,
2024-10-17,32.500000,2024-08-14,2024-06-30,0.920000,35.326087,32.200871,2.483561,25.055049,27.339925,29.624802,31.909678,34.194554,,,,,,,,,
2024-10-18,32.750000,2024-08-14,2024-06-30,0.920000,35.597826,32.243196,2.497892,25.067619,27.365680,29.663740,31.961801,34.259862,,,,,,,,,
2024-10-21,32.300000,2024-08-14,2024-06-30,0.920000,35.108696,32.283017,2.505217,25.090776,27.395576,29.700376,32.005176,34.309975,,,,,,,,,
2024-10-22,32.150000,2024-08-14,2024-06-30,0.920000,34.945652,32.322658,2.509431,25.119492,27.428169,29.736846,32.045523,34.354200,,,,,,,,,
2024-10-23,32.200000,2024-08-14,2024-06-30,0.920000,35.000000,32.364325,2.512051,25.153006,27.464093,29.775179,32.086266,34.397352,,,,,,,,,
2024-10-24,32.000000,2024-08-14,2024-06-30,0.920000,34.782609,32.399856,2.515879,25.178650,27.493259,29.807868,32.122477,34.437086,,,,,,,,,
2024-10-25,32.050000,2024-08-14,2024-06-30,0.920000,34.836957,32.438199,2.517683,25.210607,27.526875,29.843143,32.159411,34.475679,,,,,,,,,
2024-10-28,32.150000,2024-08-14,2024-06-30,0.920000,34.945652,32.475482,2.521440,25.237993,27.557718,29.877443,32.197168,34.516894,,,,,,,,,
2024-10-29,32.100000,2024-08-14,2024-06-30,0.920000,34.891304,32.511526,2.524828,25.264920,27.587762,29.910604,32.233446,34.556287,,,,,,,,,
2024-10-30,31.950000,2024-08-14,2024-06-30,0.920000,34.728261,32.541494,2.529655,25.283609,27.610892,29.938174,32.265457,34.592740,,,,,,,,,
2024-11-01,32.100000,2024-08-14,2024-06-30,0.920000,34.891304,32.571249,2.536166,25.299003,27.632276,29.965549,32.298821,34.632094,,,,,,,,,
2024-11-04,32.450000,2024-08-14,2024-06-30,0.920000,35.271739,32.604960,2.545010,25.313744,27.655153,29.996563,32.337972,34.679382,,,,,,,,,
2024-11-05,32.550000,2024-08-14,2024-06-30,0.920000,35.380435,32.643114,2.552062,25.335870,27.683768,30.031665,32.379562,34.727460,,,,,,,,,
2024-11-06,32.050000,2024-08-14,2024-06-30,0.920000,34.836957,32.671630,2.557338,25.352398,27.705149,30.057899,32.410650,34.763400,,,,,,,,,
2024-11-07,31.950000,2024-08-14,2024-06-30,0.920000,34.728261,32.696095,2.562893,25.364684,27.722546,30.080407,32.438269,34.796130,,,,,,,,,
2024-11-08,31.900000,2024-08-14,2024-06-30,0.920000,34.673913,32.722858,2.566667,25.382363,27.743697,30.105030,32.466363,34.827696,,,,,,,,,
2024-11-11,32.250000,2024-08-14,2024-06-30,0.920000,35.054348,32.767210,2.560529,25.434460,27.790146,30.145833,32.501520,34.857207,,,,,,,,,
2024-11-12,32.450000,2024-08-14,2024-06-30,0.920000,35.271739,32.811141,2.557875,25.479759,27.833005,30.186250,32.539495,34.892741,,,,,,,,,
2024-11-13,32.450000,2024-08-14,2024-06-30,0.920000,35.271739,32.852840,2.556853,25.520004,27.872308,30.224613,32.576918,34.929222,,,,,,,,,
2024-11-14,32.350000,2024-11-14,2024-09-30,1.170000,27.649573,32.831393,2.589679,32.352882,35.382806,38.412730,41.442654,44.472579,,,,,,,,,
2024-11-15,33.150000,2024-11-14,2024-09-30,1.170000,28.333333,32.819365,2.607279,32.297624,35.348140,38.398657,41.449173,44.499689,,,,,,,,,
2024-11-18,33.250000,2024-11-14,2024-09-30,1.170000,28.418803,32.800608,2.630864,32.220489,35.298600,38.376711,41.454822,44.532932,,,,,,,,,
2024-11-19,33.500000,2024-11-14,2024-09-30,1.170000,28.632479,32.786235,2.648973,32.161298,35.260597,38.359895,41.459194,44.558492,,,,,,,,,
2024-11-20,33.500000,2024-11-14,2024-09-30,1.170000,28.632479,32.771491,2.667218,32.101355,35.222000,38.342645,41.463289,44.583934,,,,,,,,,
2024-11-21,33.200000,2024-11-14,2024-09-30,1.170000,28.376068,32.756470,2.686945,32.037618,35.181344,38.325070,41.468796,44.612522,,,,,,,,,
2024-11-22,33.350000,2024-11-14,2024-09-30,1.170000,28.504274,32.741402,2.705771,31.975936,35.141688,38.307440,41.473192,44.638944,,,,,,,,,
2024-11-25,33.900000,2024-11-14,2024-09-30,1.170000,28.974359,32.735831,2.712883,31.952776,35.126849,38.300922,41.474995,44.649068,,,,,,,,,
2024-11-26,33.800000,2024-11-14,2024-09-30,1.170000,28.888889,32.732152,2.717834,31.936885,35.116751,38.296618,41.476484,44.656351,,,,,,,,,
2024-11-27,33.400000,2024-11-14,2024-09-30,1.170000,28.547009,32.724508,2.728372,31.903283,35.095479,38.287674,41.479870,44.672065,,,,,,,,,
2024-11-28,33.400000,2024-11-14,2024-09-30,1.170000,28.547009,32.716864,2.738848,31.869827,35.074279,38.278731,41.483183,44.687635,,,,,,,,,
2024-11-29,33.500000,2024-11-14,2024-09-30,1.170000,28.632479,32.712164,2.745415,31.848961,35.061097,38.273232,41.485368,44.697504,,,,,,,,,
2024-12-02,33.300000,2024-11-14,2024-09-30,1.170000,28.461538,32.706040,2.754129,31.821404,35.043736,38.266067,41.488399,44.710730,,,,,,,,,
2024-12-03,33.800000,2024-11-14,2024-09-30,1.170000,28.888889,32.703478,2.757564,31.810370,35.036719,38.263069,41.489418,44.715768,,,,,,,,,
2024-12-04,33.800000,2024-11-14,2024-09-30,1.170000,28.888889,32.698311,2.764173,31.788859,35.022941,38.257023,41.491105,44.725187,,,,,,,,,
2024-12-05,33.600000,2024-11-14,2024-09-30,1.170000,28.717949,32.693207,2.771000,31.766912,35.008982,38.251052,41.493122,44.735192,,,,,,,,,
2024-12-06,33.700000,2024-11-14,2024-09-30,1.170000,28.803419,32.687700,2.778119,31.743811,34.994210,38.244609,41.495008,44.745407,,,,,,,,,
2024-12-09,33.550000,2024-11-14,2024-09-30,1.170000,28.675214,32.677776,2.790383,31.703503,34.968250,38.232998,41.497746,44.762493,,,,,,,,,
2024-12-10,33.150000,2024-11-14,2024-09-30,1.170000,28.333333,32.660911,2.810569,31.636534,34.924900,38.213266,41.501632,44.789998,,,,,,,,,
2024-12-11,33.300000,2024-11-14,2024-09-30,1.170000,28.461538,32.645114,2.828894,31.575172,34.884978,38.194784,41.504589,44.814395,,,,,,,,,
2024-12-12,33.200000,2024-11-14,2024-09-30,1.170000,28.376068,32.629349,2.847463,31.513274,34.844807,38.176339,41.507871,44.839403,,,,,,,,,
2024-12-13,32.800000,2024-11-14,2024-09-30,1.170000,28.034188,32.609619,2.871132,31.434806,34.794030,38.153255,41.512479,44.871704,,,,,,,,,
2024-12-16,32.450000,2024-11-14,2024-09-30,1.170000,27.735043,32.586653,2.899108,31.342471,34.734427,38.126383,41.518340,44.910296,,,,,,,,,
2024-12-17,32.350000,2024-11-14,2024-09-30,1.170000,27.649573,32.559253,2.930195,31.237669,34.665997,38.094326,41.522655,44.950984,,,,,,,,,
2024-12-18,32.500000,2024-11-14,2024-09-30,1.170000,27.777778,32.535898,2.957145,31.147281,34.607141,38.067001,41.526861,44.986721,,,,,,,,,
2024-12-19,32.200000,2024-11-14,2024-09-30,1.170000,27.521368,32.508547,2.988318,31.042336,34.538668,38.035000,41.531331,45.027663,,,,,,,,,
2024-12-20,31.850000,2024-11-14,2024-09-30,1.170000,27.222222,32.479446,3.022742,30.927735,34.464344,38.000952,41.537560,45.074169,,,,,,,,,
2024-12-23,32.250000,2024-11-14,2024-09-30,1.170000,27.564103,32.454311,3.051075,30.832029,34.401786,37.971543,41.541301,45.111058,,,,,,,,,
2024-12-24,32.250000,2024-11-14,2024-09-30,1.170000,27.564103,32.429547,3.078711,30.738385,34.340478,37.942570,41.544663,45.146755,,,,,,,,,
2024-12-25,32.250000,2024-11-14,2024-09-30,1.170000,27.564103,32.409620,3.102507,30.659389,34.289322,37.919255,41.549189,45.179122,,,,,,,,,
2024-12-26,32.100000,2024-11-14,2024-09-30,1.170000,27.435897,32.387508,3.128529,30.572626,34.233006,37.893385,41.553764,45.214144,,,,,,,,,
2024-12-27,31.900000,2024-11-14,2024-09-30,1.170000,27.264957,32.361740,3.157989,30.473542,34.168389,37.863236,41.558083,45.252930,,,,,,,,,
2024-12-30,31.700000,2024-11-14,2024-09-30,1.170000,27.094017,32.333431,3.189963,30.365602,34.097858,37.830115,41.562371,45.294628,,,,,,,,,
2024-12-31,31.700000,2024-11-14,2024-09-30,1.170000,27.094017,32.302891,3.222542,30.253635,34.024008,37.794382,41.564756,45.335129,,,,,,,,,
2025-01-02,31.600000,2024-11-14,2024-09-30,1.170000,27.008547,32.270521,3.256157,30.137103,33.946807,37.756510,41.566213,45.375917,,,,,,,,,
2025-01-03,31.500000,2024-11-14,2024-09-30,1.170000,26.923077,32.241904,3.288048,30.028995,33.876011,37.723028,41.570044,45.417061,,,,,,,,,
2025-01-06,31.850000,2024-11-14,2024-09-30,1.170000,27.222222,32.216896,3.314834,29.937056,33.815412,37.693768,41.572124,45.450481,,,,,,,,,
2025-01-07,31.500000,2024-11-14,2024-09-30,1.170000,26.923077,32.187907,3.345907,29.830428,33.745139,37.659851,41.574562,45.489273,,,,,,,,,
2025-01-08,31.450000,2024-11-14,2024-09-30,1.170000,26.880342,32.157073,3.377742,29.719858,33.671817,37.623776,41.575734,45.527693,,,,,,,,,
2025-01-09,30.800000,2024-11-14,2024-09-30,1.170000,26.324786,32.122726,3.416022,29.590097,33.586843,37.583590,41.580336,45.577082,,,,,,,,,
2025-01-10,30.250000,2024-11-14,2024-09-30,1.170000,25.854701,32.084090,3.460561,29.440672,33.489528,37.538385,41.587242,45.636098,,,,,,,,,
2025-01-13,30.500000,2024-11-14,2024-09-30,1.170000,26.068376,32.044630,3.502034,29.297457,33.394837,37.492217,41.589597,45.686976,,,,,,,,,
2025-01-14,30.600000,2024-11-14,2024-09-30,1.170000,26.153846,32.003650,3.542061,29.155847,33.300059,37.444270,41.588482,45.732693,,,,,,,,,
2025-01-15,30.800000,2024-11-14,2024-09-30,1.170000,26.324786,31.965583,3.578459,29.026137,33.212934,37.399732,41.586529,45.773327,,,,,,,,,
2025-01-16,30.950000,2024-11-14,2024-09-30,1.170000,26.452991,31.930444,3.611839,28.906916,33.132768,37.358619,41.584471,45.810322,,,,,,,,,
2025-01-17,31.700000,2024-11-14,2024-09-30,1.170000,27.094017,31.896183,3.638178,28.805196,33.061865,37.318534,41.575202,45.831871,,,,,,,,,
2025-01-20,31.850000,2024-11-14,2024-09-30,1.170000,27.222222,31.863362,3.662552,28.709761,32.994947,37.280133,41.565320,45.850506,,,,,,,,,
2025-01-21,31.800000,2024-11-14,2024-09-30,1.170000,27.179487,31.830185,3.686921,28.613921,32.927619,37.241316,41.555014,45.868712,,,,,,,,,
2025-01-22,31.850000,2024-11-14,2024-09-30,1.170000,27.222222,31.799224,3.710008,28.523675,32.864384,37.205093,41.545802,45.886510,,,,,,,,,
2025-02-03,31.750000,2024-11-14,2024-09-30,1.170000,27.136752,31.767551,3.733575,28.431469,32.799752,37.168035,41.536318,45.904601,,,,,,,,,
2025-02-04,31.250000,2024-11-14,2024-09-30,1.170000,26.709402,31.732689,3.761240,28.325945,32.726596,37.127247,41.527897,45.928548,,,,,,,,,
2025-02-05,31.100000,2024-11-14,2024-09-30,1.170000,26.581197,31.698991,3.789258,28.220955,32.654387,37.087819,41.521252,45.954684,,,,,,,,,
2025-02-06,31.500000,2024-11-14,2024-09-30,1.170000,26.923077,31.677070,3.809329,28.148341,32.605257,37.062172,41.519087,45.976003,,,,,,,,,
2025-02-07,31.200000,2024-11-14,2024-09-30,1.170000,26.666667,31.647804,3.834347,28.055559,32.541745,37.027931,41.514117,46.000303,,,,,,,,,
2025-02-10,31.150000,2024-11-14,2024-09-30,1.170000,26.623932,31.618182,3.859441,27.962181,32.477727,36.993273,41.508819,46.024366,,,,,,,,,
2025-02-11,31.500000,2024-11-14,2024-09-30,1.170000,26.923077,31.589565,3.881538,27.876991,32.418391,36.959791,41.501191,46.042591,,,,,,,,,
2025-02-12,31.900000,2024-11-14,2024-09-30,1.170000,27.264957,31.560077,3.900953,27.797060,32.361175,36.925290,41.489405,46.053520,,,,,,,,,
2025-02-13,33.450000,2024-11-14,2024-09-30,1.170000,28.589744,31.542000,3.909713,27.755413,32.329776,36.904140,41.478504,46.052868,,,,,,,,,
2025-02-14,33.050000,2024-11-14,2024-09-30,1.170000,28.247863,31.519959,3.920843,27.703579,32.290965,36.878351,41.465738,46.053124,,,,,,,,,
2025-02-17,33.500000,2024-11-14,2024-09-30,1.170000,28.632479,31.454215,3.902369,27.669889,32.235660,36.801431,41.367202,45.932974,,,,,,,,,
2025-02-18,33.450000,2024-11-14,2024-09-30,1.170000,28.589744,31.394455,3.890755,27.627147,32.179330,36.731513,41.283696,45.835878,,,,,,,,,
2025-02-19,33.050000,2024-11-14,2024-09-30,1.170000,28.247863,31.332300,3.880854,27.577593,32.118192,36.658791,41.199390,45.739989,,,,,,,,,
2025-02-20,33.950000,2024-11-14,2024-09-30,1.170000,29.017094,31.277913,3.867048,27.546266,32.070712,36.595159,41.119605,45.644051,,,,,,,,,
2025-02-21,34.200000,2024-11-14,2024-09-30,1.170000,29.230769,31.224402,3.850403,27.522608,32.027579,36.532550,41.037521,45.542492,,,,,,,,,
2025-02-24,34.000000,2024-11-14,2024-09-30,1.170000,29.059829,31.169465,3.833690,27.497440,31.982857,36.468274,40.953692,45.439109,,,,,,,,,
2025-02-25,34.950000,2024-11-14,2024-09-30,1.170000,29.871795,31.119031,3.810356,27.493034,31.951150,36.409266,40.867382,45.325498,,,,,,,,,
2025-02-26,35.250000,2024-11-14,2024-09-30,1.170000,30.128205,31.071639,3.786749,27.492826,31.923322,36.353818,40.784314,45.214810,,,,,,,,,
2025-02-27,35.100000,2024-11-14,2024-09-30,1.170000,30.000000,31.021368,3.760286,27.495931,31.895465,36.295000,40.694535,45.094069,,,,,,,,,
2025-03-03,35.000000,2024-11-14,2024-09-30,1.170000,29.914530,30.971289,3.734373,27.497976,31.867192,36.236409,40.605625,44.974841,,,,,,,,,
2025-03-04,34.600000,2024-11-14,2024-09-30,1.170000,29.572650,30.919721,3.710327,27.493909,31.834991,36.176073,40.517156,44.858238,,,,,,,,,
2025-03-05,35.150000,2024-11-14,2024-09-30,1.170000,30.042735,30.871617,3.683648,27.500056,31.809924,36.119792,40.429660,44.739527,,,,,,,,,
2025-03-06,34.800000,2024-11-14,2024-09-30,1.170000,29.743590,30.821020,3.656775,27.503741,31.782167,36.060593,40.339020,44.617446,,,,,,,,,
2025-03-07,34.500000,2024-11-14,2024-09-30,1.170000,29.487179,30.770098,3.632160,27.501759,31.751387,36.001014,40.250642,44.500270,,,,,,,,,
2025-03-10,34.750000,2024-11-14,2024-09-30,1.170000,29.700855,30.726391,3.612998,27.495462,31.722670,35.949878,40.177086,44.404294,,,,,,,,,
2025-03-11,34.800000,2024-11-14,2024-09-30,1.170000,29.743590,30.686664,3.597211,27.485923,31.694660,35.903397,40.112133,44.320870,,,,,,,,,
2025-03-12,34.500000,2024-11-14,2024-09-30,1.170000,29.487179,30.646611,3.583445,27.471274,31.663905,35.856535,40.049166,44.241797,,,,,,,,,
2025-03-13,33.400000,2024-11-14,2024-09-30,1.170000,28.547009,30.596913,3.570735,27.442867,31.620628,35.798388,39.976148,44.153908,,,,,,,,,
2025-03-14,33.850000,2024-11-14,2024-09-30,1.170000,28.931624,30.552230,3.557613,27.421295,31.583702,35.746110,39.908517,44.070925,,,,,,,,,
2025-03-17,33.700000,2024-11-14,2024-09-30,1.170000,28.803419,30.507386,3.545335,27.397558,31.545600,35.693641,39.841683,43.989725,,,,,,,,,
2025-03-18,33.600000,2024-11-14,2024-09-30,1.170000,28.717949,30.463187,3.534197,27.371908,31.506919,35.641929,39.776940,43.911951,,,,,,,,,
2025-03-19,33.650000,2024-11-14,2024-09-30,1.170000,28.760684,30.417534,3.520368,27.350853,31.469684,35.588514,39.707345,43.826176,,,,,,,,,
2025-03-20,33.700000,2024-11-14,2024-09-30,1.170000,28.803419,30.369519,3.502570,27.336324,31.434330,35.532337,39.630344,43.728350,,,,,,,,,
2025-03-21,33.500000,2024-11-14,2024-09-30,1.170000,28.632479,30.316456,3.479990,27.327076,31.398665,35.470254,39.541842,43.613431,,,,,,,,,
2025-03-24,33.150000,2024-11-14,2024-09-30,1.170000,28.333333,30.261806,3.458973,27.312317,31.359315,35.406313,39.453312,43.500310,,,,,,,,,
2025-03-25,32.800000,2024-11-14,2024-09-30,1.170000,28.034188,30.203758,3.437170,27.295420,31.316908,35.338397,39.359885,43.381374,,,,,,,,,
2025-03-26,33.050000,2024-11-14,2024-09-30,1.170000,28.247863,30.146584,3.411864,27.287742,31.279623,35.271504,39.263384,43.255265,,,,,,,,,
2025-03-27,33.250000,2024-11-14,2024-09-30,1.170000,28.418803,30.091741,3.385989,27.284123,31.245730,35.207337,39.168944,43.130551,,,,,,,,,
2025-03-28,32.850000,2024-11-14,2024-09-30,1.170000,28.076923,30.033596,3.359862,27.277230,31.208269,35.139307,39.070345,43.001384,,,,,,,,,
2025-03-31,32.050000,2025-03-31,2024-12-31,1.450000,22.103448,29.921143,3.397677,33.532393,38.459025,43.385657,48.312289,53.238921,,,,,,,,,
2025-04-01,32.400000,2025-03-31,2024-12-31,1.450000,22.344828,29.812060,3.429155,33.282937,38.255212,43.227487,48.199761,53.172036,,,,,,,,,
2025-04-02,32.400000,2025-03-31,2024-12-31,1.450000,22.344828,29.696636,3.445548,33.068034,38.064078,43.060122,48.056167,53.052211,,,,,,,,,
2025-04-07,29.800000,2025-03-31,2024-12-31,1.450000,20.551724,29.561741,3.484170,32.760432,37.812479,42.864525,47.916571,52.968617,,,,,,,,,
2025-04-08,29.650000,2025-03-31,2024-12-31,1.450000,20.448276,29.426890,3.521244,32.457383,37.563187,42.668990,47.774794,52.880597,,,,,,,,,
2025-04-09,28.500000,2025-03-31,2024-12-31,1.450000,19.655172,29.284523,3.568166,32.114878,37.288718,42.462559,47.636400,52.810240,,,,,,,,,
2025-04-10,30.750000,2025-03-31,2024-12-31,1.450000,21.206897,29.157806,3.582861,31.888520,37.083669,42.278818,47.473967,52.669116,,,,,,,,,
2025-04-11,30.000000,2025-03-31,2024-12-31,1.450000,20.689655,29.030853,3.610891,31.623152,36.858945,42.094737,47.330530,52.566323,,,,,,,,,
2025-04-14,29.900000,2025-03-31,2024-12-31,1.450000,20.620690,28.908761,3.645625,31.345391,36.631547,41.917704,47.203860,52.490017,,,,,,,,,
2025-04-15,29.900000,2025-03-31,2024-12-31,1.450000,20.620690,28.786216,3.675135,31.082123,36.411068,41.740014,47.068959,52.397905,,,,,,,,,
2025-04-16,29.500000,2025-03-31,2024-12-31,1.450000,20.344828,28.660920,3.704615,30.814949,36.186641,41.558333,46.930026,52.301718,,,,,,,,,
2025-04-17,29.350000,2025-03-31,2024-12-31,1.450000,20.241379,28.535214,3.732376,30.552171,35.964115,41.376060,46.788005,52.199949,,,,,,,,,
2025-04-18,28.950000,2025-03-31,2024-12-31,1.450000,19.965517,28.410379,3.766527,30.272121,35.733585,41.195050,46.656515,52.117979,,,,,,,,,
2025-04-21,28.700000,2025-03-31,2024-12-31,1.450000,19.793103,28.280938,3.793671,30.005715,35.506537,41.007360,46.508182,52.009005,,,,,,,,,
2025-04-22,28.600000,2025-03-31,2024-12-31,1.450000,19.724138,28.148657,3.813094,29.757580,35.286566,40.815553,46.344539,51.873525,,,,,,,,,
2025-04-23,29.250000,2025-03-31,2024-12-31,1.450000,20.172414,28.024188,3.827742,29.534619,35.084846,40.635073,46.185299,51.735526,,,,,,,,,
2025-04-24,29.250000,2025-03-31,2024-12-31,1.450000,20.172414,27.901078,3.840810,29.318213,34.887388,40.456563,46.025737,51.594912,,,,,,,,,
2025-04-25,29.350000,2025-03-31,2024-12-31,1.450000,20.241379,27.778089,3.847872,29.119401,34.698815,40.278229,45.857643,51.437057,,,,,,,,,
2025-04-28,29.350000,2025-03-31,2024-12-31,1.450000,20.241379,27.656912,3.854392,28.924785,34.513654,40.102523,45.691392,51.280261,,,,,,,,,
2025-04-29,29.500000,2025-03-31,2024-12-31,1.450000,20.344828,27.536145,3.854571,28.749155,34.338282,39.927410,45.516537,51.105664,,,,,,,,,
2025-04-30,29.650000,2025-03-31,2024-12-31,1.450000,20.448276,27.415333,3.847572,28.594274,34.173253,39.752233,45.331213,50.910192,,,,,,,,,
2025-05-02,29.950000,2025-03-31,2024-12-31,1.450000,20.655172,27.296699,3.834578,28.459938,34.020075,39.580213,45.140351,50.700488,,,,,,,,,
2025-05-05,30.600000,2025-03-31,2024-12-31,1.450000,21.103448,27.183159,3.814342,28.353987,33.884784,39.415580,44.946376,50.477172,,,,,,,,,
2025-05-06,30.550000,2025-03-31,2024-12-31,1.450000,21.068966,27.067972,3.788230,28.262694,33.755627,39.248560,44.741493,50.234426,,,,,,,,,
2025-05-07,30.850000,2025-03-31,2024-12-31,1.450000,21.275862,26.951340,3.748776,28.207991,33.643717,39.079443,44.515169,49.950895,,,,,,,,,
2025-05-08,30.550000,2025-03-31,2024-12-31,1.450000,21.068966,26.832078,3.705766,28.159791,33.533152,38.906513,44.279874,49.653234,,,,,,,,,
2025-05-09,30.750000,2025-03-31,2024-12-31,1.450000,21.206897,26.718494,3.667032,28.107423,33.424619,38.741816,44.059013,49.376210,,,,,,,,,
2025-05-12,31.200000,2025-03-31,2024-12-31,1.450000,21.517241,26.608402,3.622583,28.076691,33.329437,38.582183,43.834929,49.087675,,,,,,,,,
2025-05-13,31.100000,2025-03-31,2024-12-31,1.450000,21.448276,26.498188,3.576025,28.051899,33.237136,38.422373,43.607610,48.792847,,,,,,,,,
2025-05-14,30.350000,2025-03-31,2024-12-31,1.450000,20.931034,26.380494,3.524095,28.031841,33.141779,38.251717,43.361654,48.471592,,,,,,,,,
2025-05-15,30.100000,2025-05-15,2025-03-31,1.260000,23.888889,26.285637,3.434824,24.464145,28.792024,33.119903,37.447782,41.775660,,,,,,,,,
2025-05-16,30.100000,2025-05-15,2025-03-31,1.260000,23.888889,26.190780,3.340456,24.582434,28.791408,33.000383,37.209357,41.418332,,,,,,,,,
2025-05-19,29.800000,2025-05-15,2025-03-31,1.260000,23.650794,26.157457,3.345722,24.527175,28.742786,32.958396,37.174006,41.389616,,,,,,,,,
2025-05-20,30.150000,2025-05-15,2025-03-31,1.260000,23.928571,26.120751,3.345812,24.480698,28.696422,32.912146,37.127869,41.343593,,,,,,,,,
2025-05-21,30.300000,2025-05-15,2025-03-31,1.260000,24.047619,26.084324,3.344378,24.438417,28.652333,32.866248,37.080164,41.294080,,,,,,,,,
2025-05-22,30.000000,2025-05-15,2025-03-31,1.260000,23.809524,26.044133,3.342477,24.392565,28.604086,32.815607,37.027128,41.238650,,,,,,,,,
2025-05-23,29.750000,2025-05-15,2025-03-31,1.260000,23.611111,26.002288,3.341232,24.342977,28.552930,32.762883,36.972836,41.182788,,,,,,,,,
2025-05-26,29.850000,2025-05-15,2025-03-31,1.260000,23.690476,25.963241,3.340637,24.295279,28.504481,32.713684,36.922887,41.132090,,,,,,,,,
2025-05-27,29.350000,2025-05-15,2025-03-31,1.260000,23.293651,25.919820,3.341195,24.239161,28.449067,32.658973,36.868878,41.078784,,,,,,,,,
2025-05-28,29.100000,2025-05-15,2025-03-31,1.260000,23.095238,25.870827,3.339132,24.182629,28.389935,32.597242,36.804548,41.011854,,,,,,,,,
2025-05-29,29.350000,2025-05-15,2025-03-31,1.260000,23.293651,25.824200,3.335698,24.132533,28.335512,32.538492,36.741471,40.944450,,,,,,,,,
2025-06-02,27.700000,2025-05-15,2025-03-31,1.260000,21.984127,25.769509,3.344470,24.041516,28.255549,32.469582,36.683614,40.897647,,,,,,,,,
2025-06-03,26.850000,2025-05-15,2025-03-31,1.260000,21.309524,25.709197,3.359188,23.928435,28.161012,32.393588,36.626164,40.858741,,,,,,,,,
2025-06-04,27.000000,2025-05-15,2025-03-31,1.260000,21.428571,25.649164,3.370857,23.823388,28.070667,32.317947,36.565227,40.812506,,,,,,,,,
2025-06-05,27.500000,2025-05-15,2025-03-31,1.260000,21.825397,25.593863,3.378756,23.733802,27.991035,32.248267,36.505500,40.762733,,,,,,,,,
2025-06-06,27.550000,2025-05-15,2025-03-31,1.260000,21.865079,25.535331,3.382032,23.651797,27.913157,32.174517,36.435878,40.697238,,,,,,,,,
2025-06-09,27.200000,2025-05-15,2025-03-31,1.260000,21.587302,25.474485,3.386869,23.562940,27.830396,32.097851,36.365306,40.632761,,,,,,,,,
2025-06-10,27.150000,2025-05-15,2025-03-31,1.260000,21.547619,25.414732,3.392412,23.473684,27.748123,32.022562,36.297002,40.571441,,,,,,,,,
2025-06-11,27.300000,2025-05-15,2025-03-31,1.260000,21.666667,25.355259,3.395062,23.392070,27.669848,31.947626,36.225405,40.503183,,,,,,,,,
2025-06-12,27.050000,2025-05-15,2025-03-31,1.260000,21.468254,25.295201,3.399581,23.305009,27.588481,31.871953,36.155426,40.438898,,,,,,,,,
2025-06-13,26.900000,2025-05-15,2025-03-31,1.260000,21.349206,25.237000,3.406907,23.213213,27.505917,31.798620,36.091323,40.384027,,,,,,,,,
2025-06-16,26.800000,2025-05-15,2025-03-31,1.260000,21.269841,25.177069,3.412957,23.122455,27.422781,31.723107,36.023433,40.323759,,,,,,,,,
2025-06-17,26.750000,2025-05-15,2025-03-31,1.260000,21.230159,25.117520,3.419008,23.032176,27.340126,31.648075,35.956025,40.263974,,,,,,,,,
2025-06-18,26.500000,2025-05-15,2025-03-31,1.260000,21.031746,25.059166,3.428553,22.934597,27.254573,31.574550,35.894526,40.214502,,,,,,,,,
2025-06-19,26.050000,2025-05-15,2025-03-31,1.260000,20.674603,25.000329,3.442798,22.824563,27.162489,31.500415,35.838341,40.176267,,,,,,,,,
2025-06-20,25.500000,2025-05-15,2025-03-31,1.260000,20.238095,24.938567,3.461302,22.700112,27.061353,31.422594,35.783835,40.145077,,,,,,,,,
2025-06-23,25.100000,2025-05-15,2025-03-31,1.260000,19.920635,24.873091,3.481400,22.566967,26.953531,31.340094,35.726658,40.113222,,,,,,,,,
2025-06-24,25.750000,2025-05-15,2025-03-31,1.260000,20.436508,24.814050,3.496155,22.455393,26.860548,31.265703,35.670859,40.076014,,,,,,,,,
2025-06-25,25.700000,2025-05-15,2025-03-31,1.260000,20.396825,24.757172,3.512132,22.343465,26.768751,31.194037,35.619323,40.044608,,,,,,,,,
2025-06-26,25.800000,2025-05-15,2025-03-31,1.260000,20.476190,24.698106,3.524110,22.238857,26.679236,31.119614,35.559992,40.000370,,,,,,,,,
2025-06-27,26.200000,2025-05-15,2025-03-31,1.260000,20.793651,24.641686,3.532028,22.147814,26.598169,31.048524,35.498879,39.949234,,,,,,,,,
2025-06-30,25.500000,2025-05-15,2025-03-31,1.260000,20.238095,24.580636,3.544383,22.039757,26.505679,30.971601,35.437523,39.903445,,,,,,,,,
2025-07-01,26.150000,2025-05-15,2025-03-31,1.260000,20.753968,24.524953,3.551629,21.951336,26.426388,30.901441,35.376493,39.851545,,,,,,,,,
2025-07-02,25.250000,2025-05-15,2025-03-31,1.260000,20.039683,24.464742,3.566003,21.839248,26.332411,30.825575,35.318739,39.811903,,,,,,,,,
2025-07-03,25.350000,2025-05-15,2025-03-31,1.260000,20.119048,24.406617,3.579605,21.731732,26.242035,30.752338,35.262641,39.772944,,,,,,,,,
2025-07-04,25.000000,2025-05-15,2025-03-31,1.260000,19.841270,24.346178,3.595045,21.616671,26.146428,30.676184,35.205941,39.735697,,,,,,,,,
2025-07-07,24.850000,2025-05-15,2025-03-31,1.260000,19.722222,24.285459,3.611196,21.499464,26.049571,30.599678,35.149785,39.699892,,,,,,,,,
2025-07-08,24.350000,2025-05-15,2025-03-31,1.260000,19.325397,24.222145,3.631112,21.369500,25.944701,30.519902,35.095103,39.670304,,,,,,,,,
2025-07-09,24.100000,2025-05-15,2025-03-31,1.260000,19.126984,24.154684,3.650056,21.236761,25.835832,30.434902,35.033972,39.633043,,,,,,,,,
2025-07-10,24.000000,2025-05-15,2025-03-31,1.260000,19.047619,24.089055,3.670605,21.102286,25.727248,30.352210,34.977172,39.602133,,,,,,,,,
2025-07-11,23.650000,2025-05-15,2025-03-31,1.260000,18.769841,24.021468,3.693376,20.959743,25.613396,30.267050,34.920703,39.574356,,,,,,,,,
2025-07-14,23.400000,2025-05-15,2025-03-31,1.260000,18.571429,23.956857,3.720462,20.810075,25.497857,30.185639,34.873421,39.561203,,,,,,,,,
2025-07-15,23.350000,2025-05-15,2025-03-31,1.260000,18.531746,23.895832,3.749019,20.661222,25.384985,30.108748,34.832512,39.556275,,,,,,,,,
2025-07-16,23.000000,2025-05-15,2025-03-31,1.260000,18.253968,23.830712,3.778715,20.504336,25.265516,30.026697,34.787877,39.549058,,,,,,,,,
2025-07-17,23.650000,2025-05-15,2025-03-31,1.260000,18.769841,23.769178,3.800624,20.371592,25.160378,29.949165,34.737951,39.526738,,,,,,,,,
2025-07-18,23.450000,2025-05-15,2025-03-31,1.260000,18.611111,23.704898,3.822208,20.236208,25.052190,29.868171,34.684153,39.500134,,,,,,,,,
2025-07-21,23.450000,2025-05-15,2025-03-31,1.260000,18.611111,23.639549,3.841815,20.104458,24.945145,29.785832,34.626518,39.467205,,,,,,,,,
2025-07-22,23.750000,2025-05-15,2025-03-31,1.260000,18.849206,23.570842,3.853224,19.989136,24.844199,29.699261,34.554323,39.409386,,,,,,,,,
2025-07-23,24.500000,2025-05-15,2025-03-31,1.260000,19.444444,23.506027,3.856702,19.898707,24.758150,29.617594,34.477038,39.336482,,,,,,,,,
2025-07-24,24.200000,2025-05-15,2025-03-31,1.260000,19.206349,23.439584,3.861561,19.802743,24.668310,29.533876,34.399443,39.265010,,,,,,,,,
2025-07-25,24.200000,2025-05-15,2025-03-31,1.260000,19.206349,23.372786,3.864907,19.710144,24.579927,29.449710,34.319492,39.189275,,,,,,,,,
2025-07-28,24.450000,2025-05-15,2025-03-31,1.260000,19.404762,23.308352,3.866080,19.626001,24.497263,29.368524,34.239785,39.111046,,,,,,,,,
2025-07-29,24.100000,2025-05-15,2025-03-31,1.260000,19.126984,23.245165,3.871985,19.531505,24.410207,29.288908,34.167610,39.046312,,,,,,,,,
2025-07-30,24.850000,2025-05-15,2025-03-31,1.260000,19.722222,23.188007,3.872951,19.457053,24.336971,29.216889,34.096808,38.976726,,,,,,,,,
2025-07-31,24.300000,2025-05-15,2025-03-31,1.260000,19.285714,23.124363,3.873809,19.374698,24.255697,29.136697,34.017697,38.898696,,,,,,,,,
2025-08-01,24.150000,2025-05-15,2025-03-31,1.260000,19.166667,23.061863,3.876679,19.288716,24.173332,29.057947,33.942562,38.827178,,,,,,,,,
2025-08-04,24.150000,2025-05-15,2025-03-31,1.260000,19.166667,22.999719,3.878868,19.204897,24.092271,28.979646,33.867020,38.754394,,,,,,,,,
2025-08-05,24.450000,2025-05-15,2025-03-31,1.260000,19.404762,22.937066,3.875682,19.133984,24.017344,28.900703,33.784063,38.667423,,,,,,,,,
2025-08-06,24.350000,2025-05-15,2025-03-31,1.260000,19.325397,22.870903,3.868942,19.067604,23.942471,28.817338,33.692205,38.567072,,,,,,,,,
2025-08-07,24.300000,2025-05-15,2025-03-31,1.260000,19.285714,22.793370,3.846535,19.026377,23.873011,28.719646,33.566280,38.412914,,,,,,,,,
2025-08-08,24.350000,2025-05-15,2025-03-31,1.260000,19.325397,22.719016,3.826397,18.983441,23.804700,28.625960,33.447219,38.268479,,,,,,,,,
2025-08-11,24.600000,2025-05-15,2025-03-31,1.260000,19.523810,22.643110,3.798346,18.958486,23.744402,28.530319,33.316235,38.102152,,,,,,,,,
2025-08-12,24.750000,2025-05-15,2025-03-31,1.260000,19.642857,22.568553,3.768330,18.940185,23.688281,28.436376,33.184472,37.932568,,,,,,,,,
2025-08-13,0.000000,2025-05-15,2025-03-31,1.260000,0.000000,22.333154,4.260698,17.402814,22.771294,28.139774,33.508254,38.876733,,,,,,,,,
2025-08-14,23.800000,2025-08-14,2025-06-30,1.010000,23.564356,22.287714,4.217675,13.990888,18.250740,22.510592,26.770444,31.030296,,,,,,,,,
2025-08-15,23.700000,2025-08-14,2025-06-30,1.010000,23.465347,22.239669,4.170494,14.037669,18.249867,22.462066,26.674265,30.886463,,,,,,,,,
2025-08-18,23.900000,2025-08-14,2025-06-30,1.010000,23.663366,22.194699,4.125183,14.083776,18.250211,22.416646,26.583080,30.749515,,,,,,,,,
2025-08-19,23.300000,2025-08-14,2025-06-30,1.010000,23.069307,22.138011,4.065101,14.147888,18.253640,22.359391,26.465143,30.570895,,,,,,,,,
2025-08-20,23.350000,2025-08-14,2025-06-30,1.010000,23.118812,22.079600,3.999149,14.222115,18.261255,22.300396,26.339536,30.378676,,,,,,,,,
2025-08-21,23.200000,2025-08-14,2025-06-30,1.010000,22.970297,22.021019,3.933094,14.296379,18.268804,22.241229,26.213654,30.186079,,,,,,,,,
2025-08-22,23.100000,2025-08-14,2025-06-30,1.010000,22.871287,21.962325,3.866295,14.372032,18.276990,22.181948,26.086907,29.991865,,,,,,,,,
2025-08-25,23.300000,2025-08-14,2025-06-30,1.010000,23.069307,21.908131,3.803798,14.443540,18.285376,22.127212,25.969048,29.810883,,,,,,,,,
2025-08-26,23.100000,2025-08-14,2025-06-30,1.010000,22.871287,21.848369,3.730550,14.531140,18.298996,22.066852,25.834708,29.602564,,,,,,,,,
2025-08-27,23.000000,2025-08-14,2025-06-30,1.010000,22.772277,21.790274,3.660185,14.614603,18.311390,22.008177,25.704964,29.401751,,,,,,,,,
2025-08-28,22.800000,2025-08-14,2025-06-30,1.010000,22.574257,21.732667,3.591788,14.694582,18.322287,21.949993,25.577699,29.205405,,,,,,,,,
2025-08-29,22.450000,2025-08-14,2025-06-30,1.010000,22.227723,21.670390,3.516467,14.783830,18.335462,21.887094,25.438726,28.990358,,,,,,,,,
2025-09-01,22.350000,2025-08-14,2025-06-30,1.010000,22.128713,21.606933,3.437375,14.879506,18.351254,21.823002,25.294751,28.766499,,,,,,,,,
2025-09-02,22.100000,2025-08-14,2025-06-30,1.010000,21.881188,21.543550,3.360103,14.971578,18.365282,21.758985,25.152689,28.546393,,,,,,,,,
2025-09-03,22.350000,2025-08-14,2025-06-30,1.010000,22.128713,21.490064,3.298198,15.042604,18.373784,21.704965,25.036145,28.367325,,,,,,,,,
2025-09-04,22.650000,2025-08-14,2025-06-30,1.010000,22.425743,21.435848,3.227562,15.130532,18.390370,21.650207,24.910044,28.169881,,,,,,,,,
2025-09-05,22.650000,2025-08-14,2025-06-30,1.010000,22.425743,21.382701,3.156960,15.219469,18.407999,21.596528,24.785058,27.973587,,,,,,,,,
2025-09-08,22.300000,2025-08-14,2025-06-30,1.010000,22.079208,21.327378,3.084678,15.309603,18.425128,21.540652,24.656177,27.771701,,,,,,,,,
2025-09-09,22.400000,2025-08-14,2025-06-30,1.010000,22.178218,21.272524,3.008981,15.407108,18.446179,21.485250,24.524320,27.563391,,,,,,,,,
2025-09-10,22.950000,2025-08-14,2025-06-30,1.010000,22.722772,21.221852,2.931290,15.512866,18.473468,21.434071,24.394674,27.355276,,,,,,,,,
2025-09-11,22.300000,2025-08-14,2025-06-30,1.010000,22.079208,21.167242,2.852041,15.617791,18.498353,21.378914,24.259476,27.140037,,,,,,,,,
2025-09-12,22.350000,2025-08-14,2025-06-30,1.010000,22.128713,21.115537,2.776270,15.718627,18.522659,21.326692,24.130725,26.934757,,,,,,,,,
2025-09-15,22.350000,2025-08-14,2025-06-30,1.010000,22.128713,21.066324,2.703999,15.814910,18.545949,21.276988,24.008026,26.739065,,,,,,,,,
2025-09-16,22.250000,2025-08-14,2025-06-30,1.010000,22.029703,21.014506,2.623605,15.924970,18.574811,21.224651,23.874492,26.524333,,,,,,,,,
2025-09-17,22.200000,2025-08-14,2025-06-30,1.010000,21.980198,20.960851,2.535258,16.049239,18.609849,21.170460,23.731070,26.291680,,,,,,,,,
2025-09-18,22.200000,2025-08-14,2025-06-30,1.010000,21.980198,20.910045,2.451148,16.167826,18.643486,21.119146,23.594805,26.070465,,,,,,,,,
2025-09-19,23.350000,2025-08-14,2025-06-30,1.010000,23.118812,20.918507,2.457048,16.164455,18.646073,21.127692,23.609310,26.090928,,,,,,,,,
2025-09-22,24.600000,2025-08-14,2025-06-30,1.010000,24.356436,20.935270,2.473667,16.147816,18.646219,21.144623,23.643026,26.141429,,,,,,,,,
2025-09-23,23.750000,2025-08-14,2025-06-30,1.010000,23.514851,20.945020,2.481563,16.141714,18.648092,21.154470,23.660849,26.167227,,,,,,,,,
2025-09-24,23.450000,2025-08-14,2025-06-30,1.010000,23.217822,20.967238,2.489933,16.147246,18.662078,21.176910,23.691742,26.206574,,,,,,,,,
2025-09-25,23.950000,2025-08-14,2025-06-30,1.010000,23.712871,20.994443,2.502020,16.150307,18.677347,21.204387,23.731427,26.258467,,,,,,,,,
2025-09-26,23.800000,2025-08-14,2025-06-30,1.010000,23.564356,21.027019,2.509873,16.167347,18.702318,21.237289,23.772261,26.307232,,,,,,,,,
2025-09-30,24.000000,2025-08-14,2025-06-30,1.010000,23.762376,21.048315,2.522222,16.163909,18.711353,21.258798,23.806243,26.353687,,,,,,,,,
2025-10-01,23.800000,2025-08-14,2025-06-30,1.010000,23.564356,21.072271,2.532419,16.167508,18.725251,21.282993,23.840736,26.398479,,,,,,,,,
2025-10-02,23.750000,2025-08-14,2025-06-30,1.010000,23.514851,21.096389,2.541846,16.172824,18.740088,21.307353,23.874617,26.441881,,,,,,,,,
2025-10-03,23.700000,2025-08-14,2025-06-30,1.010000,23.465347,21.120094,2.550622,16.179039,18.755167,21.331295,23.907423,26.483551,,,,,,,,,
2025-10-07,23.600000,2025-08-14,2025-06-30,1.010000,23.366337,21.145273,2.557808,16.189954,18.773340,21.356726,23.940112,26.523498,,,,,,,,,
2025-10-08,23.400000,2025-08-14,2025-06-30,1.010000,23.168317,21.169665,2.563066,16.203968,18.792664,21.381361,23.970058,26.558755,,,,,,,,,
2025-10-09,23.450000,2025-08-14,2025-06-30,1.010000,23.217822,21.196767,2.567418,16.222551,18.815643,21.408735,24.001827,26.594919,,,,,,,,,
2025-10-13,23.000000,2025-08-14,2025-06-30,1.010000,22.772277,21.221594,2.568134,16.246178,18.839994,21.433809,24.027625,26.621441,,,,,,,,,
2025-10-14,22.900000,2025-08-14,2025-06-30,1.010000,22.673267,21.246170,2.567795,16.271686,18.865158,21.458631,24.052104,26.645577,,,,,,,,,
2025-10-15,22.950000,2025-08-14,2025-06-30,1.010000,22.722772,21.267423,2.569387,16.289935,18.885016,21.480097,24.075178,26.670258,,,,,,,,,
2025-10-16,23.000000,2025-08-14,2025-06-30,1.010000,22.772277,21.289088,2.571037,16.308485,18.905232,21.501979,24.098726,26.695473,,,,,,,,,
2025-10-17,23.350000,2025-08-14,2025-06-30,1.010000,23.118812,21.313067,2.574599,16.325508,18.925853,21.526197,24.126542,26.726887,,,,,,,,,
2025-10-20,23.250000,2025-08-14,2025-06-30,1.010000,23.019802,21.336220,2.577372,16.343291,18.946437,21.549582,24.152728,26.755874,,,,,,,,,
2025-10-21,22.900000,2025-08-14,2025-06-30,1.010000,22.673267,21.355624,2.578610,16.360388,18.964784,21.569180,24.173576,26.777972,,,,,,,,,
2025-10-22,22.950000,2025-08-14,2025-06-30,1.010000,22.722772,21.374578,2.580243,16.376232,18.982278,21.588324,24.194370,26.800415,,,,,,,,,
2025-10-23,23.050000,2025-08-14,2025-06-30,1.010000,22.821782,21.392633,2.582746,16.389412,18.997986,21.606559,24.215133,26.823707,,,,,,,,,
2025-10-27,22.950000,2025-08-14,2025-06-30,1.010000,22.722772,21.406127,2.585451,16.397577,19.008883,21.620189,24.231495,26.842801,,,,,,,,,
2025-10-28,22.800000,2025-08-14,2025-06-30,1.010000,22.574257,21.418672,2.587453,16.406204,19.019531,21.632858,24.246186,26.859513,,,,,,,,,
2025-10-29,22.550000,2025-08-14,2025-06-30,1.010000,22.326733,21.427429,2.588743,16.412442,19.027072,21.641703,24.256334,26.870965,,,,,,,,,
2025-10-30,22.300000,2025-08-14,2025-06-30,1.010000,22.079208,21.435848,2.589210,16.420001,19.035103,21.650206,24.265309,26.880411,,,,,,,,,
2025-10-31,22.100000,2025-08-14,2025-06-30,1.010000,21.881188,21.441467,2.589441,16.425210,19.040546,21.655881,24.271217,26.886552,,,,,,,,,
2025-11-03,21.500000,2025-08-14,2025-06-30,1.010000,21.287129,21.439549,2.589470,16.423216,19.038580,21.653945,24.269309,26.884673,,,,,,,,,
2025-11-04,21.100000,2025-08-14,2025-06-30,1.010000,20.891089,21.434906,2.589953,16.417549,19.033402,21.649255,24.265108,26.880961,,,,,,,,,
2025-11-05,21.100000,2025-08-14,2025-06-30,1.010000,20.891089,21.434573,2.590021,16.417076,19.032997,21.648919,24.264840,26.880762,,,,,,,,,
2025-11-06,21.500000,2025-08-14,2025-06-30,1.010000,21.287129,21.412892,2.580174,16.415068,19.021044,21.627021,24.232997,26.838973,,,,,,,,,
2025-11-07,21.750000,2025-08-14,2025-06-30,1.010000,21.534653,21.393273,2.570120,16.415562,19.011384,21.607206,24.203027,26.798849,,,,,,,,,
2025-11-10,21.900000,2025-08-14,2025-06-30,1.010000,21.683168,21.376876,2.561860,16.415687,19.003166,21.590645,24.178124,26.765602,,,,,,,,,
2025-11-11,22.000000,2025-08-14,2025-06-30,1.010000,21.782178,21.358989,2.551366,16.418820,18.995699,21.572579,24.149459,26.726339,,,,,,,,,
2025-11-12,22.250000,2025-08-14,2025-06-30,1.010000,22.029703,21.342174,2.540122,16.424549,18.990072,21.555595,24.121118,26.686641,,,,,,,,,
2025-11-13,21.900000,2025-08-14,2025-06-30,1.010000,21.683168,21.324454,2.530162,16.426770,18.982234,21.537698,24.093162,26.648626,,,,,,,,,
2025-11-14,21.500000,2025-11-14,2025-09-30,-0.770000,-27.922078,20.895011,5.152846,-8.153776,-12.121467,-16.089158,-20.056849,-24.024540,,,,,,,,,
2025-11-17,21.500000,2025-11-14,2025-09-30,-0.770000,-27.922078,20.464906,6.806300,-5.276275,-10.517126,-15.757978,-20.998829,-26.239680,,,,,,,,,
2025-11-18,20.850000,2025-11-14,2025-09-30,-0.770000,-27.077922,20.045143,8.066913,-3.011714,-9.223237,-15.434760,-21.646283,-27.857806,,,,,,,,,
2025-11-19,20.400000,2025-11-14,2025-09-30,-0.770000,-26.493506,19.631903,9.111811,-1.084377,-8.100471,-15.116566,-22.132660,-29.148754,,,,,,,,,
2025-11-20,20.700000,2025-11-14,2025-09-30,-0.770000,-26.883117,19.213764,10.045796,0.675928,-7.059335,-14.794598,-22.529861,-30.265124,,,,,,,,,
2025-11-21,20.550000,2025-11-14,2025-09-30,-0.770000,-26.688312,18.808160,10.880878,2.274269,-6.104007,-14.482283,-22.860560,-31.238836,,,,,,,,,
2025-11-24,21.200000,2025-11-14,2025-09-30,-0.770000,-27.532468,18.401143,11.671320,3.804952,-5.181964,-14.168880,-23.155797,-32.142713,,,,,,,,,
2025-11-25,21.200000,2025-11-14,2025-09-30,-0.770000,-27.532468,17.993135,12.397784,5.237873,-4.308420,-13.854714,-23.401007,-32.947301,,,,,,,,,
2025-11-26,21.950000,2025-11-14,2025-09-30,-0.770000,-28.506494,17.573702,13.098630,6.640139,-3.445806,-13.531751,-23.617696,-33.703641,,,,,,,,,
2025-11-27,22.100000,2025-11-14,2025-09-30,-0.770000,-28.701299,17.152316,13.756273,7.977377,-2.614953,-13.207283,-23.799613,-34.391944,,,,,,,,,
2025-11-28,22.850000,2025-11-14,2025-09-30,-0.770000,-29.675325,16.725127,14.398363,9.295131,-1.791608,-12.878348,-23.965088,-35.051827,,,,,,,,,
2025-12-01,22.800000,2025-11-14,2025-09-30,-0.770000,-29.610390,16.298811,14.999200,10.548684,-1.000700,-12.550084,-24.099468,-35.648852,,,,,,,,,
2025-12-02,22.800000,2025-11-14,2025-09-30,-0.770000,-29.610390,15.871502,15.564740,11.748643,-0.236207,-12.221056,-24.205906,-36.190756,,,,,,,,,
2025-12-03,22.900000,2025-11-14,2025-09-30,-0.770000,-29.740260,15.444764,16.102698,12.905687,0.506609,-11.892468,-24.291546,-36.690624,,,,,,,,,
2025-12-04,22.950000,2025-11-14,2025-09-30,-0.770000,-29.805195,15.018477,16.614062,14.021428,1.228600,-11.564228,-24.357056,-37.149884,,,,,,,,,
2025-12-05,22.700000,2025-11-14,2025-09-30,-0.770000,-29.480519,14.595558,17.092639,15.084085,1.922753,-11.238579,-24.399912,-37.561244,,,,,,,,,
2025-12-08,22.550000,2025-11-14,2025-09-30,-0.770000,-29.285714,14.174592,17.543971,16.103280,2.594422,-10.914436,-24.423294,-37.932152,,,,,,,,,
2025-12-09,22.900000,2025-11-14,2025-09-30,-0.770000,-29.740260,13.751492,17.983917,17.106584,3.258968,-10.588649,-24.436265,-38.283882,,,,,,,,,
2025-12-10,22.650000,2025-11-14,2025-09-30,-0.770000,-29.415584,13.334074,18.398413,18.066320,3.899541,-10.267237,-24.434015,-38.600793,,,,,,,,,
2025-12-11,22.350000,2025-11-14,2025-09-30,-0.770000,-29.025974,12.923540,18.788557,18.983252,4.516063,-9.951126,-24.418315,-38.885504,,,,,,,,,
2025-12-12,22.350000,2025-11-14,2025-09-30,-0.770000,-29.025974,12.515652,19.162949,19.873889,5.118419,-9.637052,-24.392522,-39.147992,,,,,,,,,
2025-12-15,22.850000,2025-11-14,2025-09-30,-0.770000,-29.675325,12.098053,19.531363,20.762799,5.723649,-9.315501,-24.354651,-39.393801,,,,,,,,,
2025-12-16,22.300000,2025-11-14,2025-09-30,-0.770000,-28.961039,11.686737,19.871880,21.603908,6.302560,-8.998788,-24.300135,-39.601483,,,,,,,,,
2025-12-17,22.400000,2025-11-14,2025-09-30,-0.770000,-29.090909,11.273678,20.200090,22.427406,6.873337,-8.680732,-24.234801,-39.788870,,,,,,,,,
2025-12-18,22.200000,2025-11-14,2025-09-30,-0.770000,-28.831169,10.860138,20.509157,23.221796,7.429745,-8.362306,-24.154357,-39.946408,,,,,,,,,
2025-12-19,22.500000,2025-11-14,2025-09-30,-0.770000,-29.220779,10.447981,20.813818,24.008334,7.981695,-8.044945,-24.071585,-40.098225,,,,,,,,,
2025-12-22,22.600000,2025-11-14,2025-09-30,-0.770000,-29.350649,10.030442,21.105852,24.779572,8.528066,-7.723441,-23.974947,-40.226453,,,,,,,,,
2025-12-23,22.650000,2025-11-14,2025-09-30,-0.770000,-29.415584,9.618315,21.389703,25.534039,9.063968,-7.406103,-23.876174,-40.346245,,,,,,,,,
2025-12-24,22.600000,2025-11-14,2025-09-30,-0.770000,-29.350649,9.206068,21.660623,26.268687,9.590007,-7.088672,-23.767352,-40.446031,,,,,,,,,
2025-12-26,22.800000,2025-11-14,2025-09-30,-0.770000,-29.610390,8.793970,21.925381,26.993730,10.111186,-6.771357,-23.653901,-40.536444,,,,,,,,,
2025-12-29,23.300000,2025-11-14,2025-09-30,-0.770000,-30.259740,8.377454,22.189199,27.720727,10.635043,-6.450640,-23.536323,-40.622006,,,,,,,,,
2025-12-30,23.600000,2025-11-14,2025-09-30,-0.770000,-30.649351,7.960998,22.449444,28.442175,11.156104,-6.129968,-23.416040,-40.702112,,,,,,,,,
2025-12-31,23.200000,2025-11-14,2025-09-30,-0.770000,-30.129870,7.550524,22.692564,29.132645,11.659371,-5.813904,-23.287178,-40.760452,,,,,,,,,
2026-01-02,23.000000,2025-11-14,2025-09-30,-0.770000,-29.870130,7.142876,22.922508,29.800648,12.150317,-5.500015,-23.150346,-40.800677,,,,,,,,,
2026-01-05,23.100000,2025-11-14,2025-09-30,-0.770000,-30.000000,6.736461,23.145886,30.457589,12.635257,-5.187075,-23.009407,-40.831739,,,,,,,,,
2026-01-06,23.000000,2025-11-14,2025-09-30,-0.770000,-29.870130,6.332781,23.359185,31.096903,13.110331,-4.876242,-22.862814,-40.849386,,,,,,,,,
2026-01-07,23.650000,2025-11-14,2025-09-30,-0.770000,-30.714286,5.922398,23.574661,31.744732,13.592243,-4.560246,-22.712735,-40.865224,,,,,,,,,
2026-01-08,23.450000,2025-11-14,2025-09-30,-0.770000,-30.454545,5.516493,23.778996,32.371953,14.062127,-4.247700,-22.557526,-40.867353,,,,,,,,,
2026-01-09,23.650000,2025-11-14,2025-09-30,-0.770000,-30.714286,5.104126,23.975486,32.992072,14.530948,-3.930177,-22.391301,-40.852425,,,,,,,,,
2026-01-12,24.950000,2025-11-14,2025-09-30,-0.770000,-32.402597,4.679011,24.185327,33.642565,15.019863,-3.602839,-22.225541,-40.848243,,,,,,,,,
2026-01-13,24.950000,2025-11-14,2025-09-30,-0.770000,-32.402597,4.253897,24.385891,34.278772,15.501636,-3.275501,-22.052637,-40.829774,,,,,,,,,
2026-01-14,24.950000,2025-11-14,2025-09-30,-0.770000,-32.402597,3.826799,24.576192,34.900701,15.977033,-2.946635,-21.870303,-40.793971,,,,,,,,,
2026-01-15,25.000000,2025-11-14,2025-09-30,-0.770000,-32.467532,3.394199,24.755210,35.509490,16.447978,-2.613533,-21.675045,-40.736556,,,,,,,,,
2026-01-16,25.000000,2025-11-14,2025-09-30,-0.770000,-32.467532,2.963583,24.926685,36.105136,16.911589,-2.281959,-21.475507,-40.669054,,,,,,,,,
2026-01-19,26.200000,2025-11-14,2025-09-30,-0.770000,-34.025974,2.519981,25.108203,36.726248,17.392932,-1.940385,-21.273702,-40.607018,,,,,,,,,
2026-01-20,25.850000,2025-11-14,2025-09-30,-0.770000,-33.571429,2.078512,25.274013,37.321525,17.860535,-1.600454,-21.061444,-40.522434,,,,,,,,,
2026-01-21,26.150000,2025-11-14,2025-09-30,-0.770000,-33.961039,1.636112,25.437189,37.913465,18.326830,-1.259806,-20.846442,-40.433078,,,,,,,,,
2026-01-22,25.700000,2025-11-14,2025-09-30,-0.770000,-33.376623,1.193622,25.581360,38.476205,18.778558,-0.919089,-20.616736,-40.314383,,,,,,,,,
2026-01-23,25.700000,2025-11-14,2025-09-30,-0.770000,-33.376623,0.754769,25.719720,39.027197,19.223013,-0.581172,-20.385357,-40.189541,,,,,,,,,
2026-01-26,26.250000,2025-11-14,2025-09-30,-0.770000,-34.090909,0.310956,25.858465,39.582600,19.671582,-0.239436,-20.150454,-40.061472,,,,,,,,,
2026-01-27,26.050000,2025-11-14,2025-09-30,-0.770000,-33.831169,-0.130693,25.985986,40.119052,20.109843,0.100633,-19.908576,-39.917785,,,,,,,,,
2026-01-28,26.350000,2025-11-14,2025-09-30,-0.770000,-34.220779,-0.577572,26.108024,40.651088,20.547909,0.444731,-19.658448,-39.761626,,,,,,,,,
2026-01-29,26.500000,2025-11-14,2025-09-30,-0.770000,-34.415584,-1.025414,26.224412,41.175164,20.982366,0.789569,-19.403229,-39.596026,,,,,,,,,
2026-01-30,26.400000,2025-11-14,2025-09-30,-0.770000,-34.285714,-1.471842,26.331508,41.683840,21.408579,1.133319,-19.141942,-39.417203,,,,,,,,,
2026-02-02,25.900000,2025-11-14,2025-09-30,-0.770000,-33.636364,-1.913190,26.423682,42.165626,21.819391,1.473157,-18.873078,-39.219313,,,,,,,,,
2026-02-03,25.600000,2025-11-14,2025-09-30,-0.770000,-33.246753,-2.352945,26.502916,42.626259,22.219013,1.811768,-18.595478,-39.002723,,,,,,,,,
2026-02-04,25.800000,2025-11-14,2025-09-30,-0.770000,-33.506494,-2.795856,26.576247,43.080230,22.616520,2.152809,-18.310901,-38.774611,,,,,,,,,
2026-02-05,25.700000,2025-11-14,2025-09-30,-0.770000,-33.376623,-3.073995,26.721001,43.517318,22.942147,2.366976,-18.208195,-38.783365,,,,,,,,,
2026-02-06,25.350000,2025-11-14,2025-09-30,-0.770000,-32.922078,-3.544715,26.745318,43.917220,23.323326,2.729431,-17.864464,-38.458359,,,,,,,,,
2026-02-09,25.400000,2025-11-14,2025-09-30,-0.770000,-32.987013,-4.015152,26.762711,44.306241,23.698954,3.091667,-17.515621,-38.122908,,,,,,,,,
2026-02-10,25.500000,2025-11-14,2025-09-30,-0.770000,-33.116883,-4.488320,26.771179,44.683622,24.069814,3.456007,-17.157801,-37.771608,,,,,,,,,
2026-02-11,25.800000,2025-11-14,2025-09-30,-0.770000,-33.506494,-4.959785,26.779960,45.060172,24.439604,3.819035,-16.801534,-37.422103,,,,,,,,,
2026-02-23,26.100000,2025-11-14,2025-09-30,-0.770000,-33.896104,-5.434910,26.783382,45.431288,24.808084,4.184880,-16.438324,-37.061528,,,,,,,,,
2026-02-24,26.450000,2025-11-14,2025-09-30,-0.770000,-34.350649,-5.912584,26.783677,45.799553,25.176121,4.552690,-16.070742,-36.694173,,,,,,,,,
2026-02-25,26.550000,2025-11-14,2025-09-30,-0.770000,-34.480519,-6.390516,26.777434,46.157945,25.539321,4.920697,-15.697927,-36.316551,,,,,,,,,
2026-02-26,26.400000,2025-11-14,2025-09-30,-0.770000,-34.285714,-6.868474,26.759045,46.497655,25.893190,5.288725,-15.315739,-35.920204,,,,,,,,,
2026-03-02,26.350000,2025-11-14,2025-09-30,-0.770000,-34.220779,-7.344242,26.733365,46.824448,26.239757,5.655066,-14.929625,-35.514316,,,,,,,,,
2026-03-03,25.900000,2025-11-14,2025-09-30,-0.770000,-33.636364,-7.814314,26.695264,47.127729,26.572375,6.017021,-14.538332,-35.093686,,,,,,,,,
2026-03-04,25.000000,2025-11-14,2025-09-30,-0.770000,-32.467532,-8.272995,26.641550,47.398193,26.884200,6.370206,-14.143787,-34.657780,,,,,,,,,
2026-03-05,24.800000,2025-11-14,2025-09-30,-0.770000,-32.207792,-8.726624,26.581218,47.654576,27.187039,6.719501,-13.748037,-34.215575,,,,,,,,,
2026-03-06,25.150000,2025-11-14,2025-09-30,-0.770000,-32.662338,-9.183217,26.517257,47.907653,27.489365,7.071077,-13.347211,-33.765499,,,,,,,,,
2026-03-09,24.300000,2025-11-14,2025-09-30,-0.770000,-31.558442,-9.628547,26.439797,48.131268,27.772625,7.413981,-12.944663,-33.303306,,,,,,,,,
2026-03-10,24.250000,2025-11-14,2025-09-30,-0.770000,-31.493506,-10.075399,26.351546,48.339438,28.048747,7.758057,-12.532633,-32.823324,,,,,,,,,
2026-03-11,25.000000,2025-11-14,2025-09-30,-0.770000,-32.467532,-10.532843,26.258899,48.548994,28.329641,8.110289,-12.109064,-32.328416,,,,,,,,,
2026-03-12,25.100000,2025-11-14,2025-09-30,-0.770000,-32.597403,-10.991369,26.158758,48.747841,28.605597,8.463354,-11.678890,-31.821133,,,,,,,,,
2026-03-13,24.600000,2025-11-14,2025-09-30,-0.770000,-31.948052,-11.441596,26.049498,48.926256,28.868143,8.810029,-11.248085,-31.306199,,,,,,,,,
2026-03-16,24.600000,2025-11-14,2025-09-30,-0.770000,-31.948052,-11.892648,25.930806,49.090780,29.124060,9.157339,-10.809381,-30.776102,,,,,,,,,
2026-03-17,24.450000,2025-11-14,2025-09-30,-0.770000,-31.753247,-12.346615,25.796209,49.233055,29.369974,9.506894,-10.356187,-30.219268,,,,,,,,,
2026-03-18,24.550000,2025-11-14,2025-09-30,-0.770000,-31.883117,-12.796301,25.661034,49.371145,29.612148,9.853152,-9.905845,-29.664841,,,,,,,,,
2026-03-19,23.900000,2025-11-14,2025-09-30,-0.770000,-31.038961,-13.239365,25.511513,49.482040,29.838176,10.194311,-9.449554,-29.093418,,,,,,,,,
2026-03-20,23.550000,2025-11-14,2025-09-30,-0.770000,-30.584416,-13.678641,25.350721,49.572664,30.052609,10.532554,-8.987502,-28.507557,,,,,,,,,
2026-03-23,22.800000,2025-11-14,2025-09-30,-0.770000,-29.610390,-14.108975,25.177177,49.636764,30.250338,10.863911,-8.522516,-27.908942,,,,,,,,,
2026-03-24,22.550000,2025-11-14,2025-09-30,-0.770000,-29.285714,-14.536191,24.993940,49.683534,30.438201,11.192867,-8.052466,-27.297800,,,,,,,,,
2026-03-25,23.000000,2025-11-14,2025-09-30,-0.770000,-29.870130,-14.968277,24.804822,49.724999,30.625286,11.525573,-7.574140,-26.673852,,,,,,,,,
2026-03-26,22.850000,2025-11-14,2025-09-30,-0.770000,-29.675325,-15.408228,24.590882,49.734295,30.799315,11.864336,-7.070644,-26.005623,,,,,,,,,
2026-03-27,22.800000,2025-11-14,2025-09-30,-0.770000,-29.610390,-15.857952,24.349844,49.709382,30.960002,12.210623,-6.538757,-25.288136,,,,,,,,,
2026-03-30,22.550000,2025-11-14,2025-09-30,-0.770000,-29.285714,-16.297957,24.108251,49.676134,31.112780,12.549427,-6.013927,-24.577280,,,,,,,,,
2026-03-31,23.000000,2026-03-31,2025-12-31,-1.610000,-14.285714,-16.610486,23.833201,103.485791,65.114337,26.742883,-11.628572,-50.000026,,,,,,,,,
2026-04-01,23.700000,2026-03-31,2025-12-31,-1.610000,-14.720497,-16.930764,23.543246,103.067782,65.163156,27.258530,-10.646096,-48.550721,,,,,,,,,
2026-04-02,23.700000,2026-03-31,2025-12-31,-1.610000,-14.720497,-17.249805,23.247420,102.628878,65.200532,27.772185,-9.656161,-47.084508,,,,,,,,,
2026-04-07,24.000000,2026-03-31,2025-12-31,-1.610000,-14.906832,-17.572048,22.940129,102.158212,65.224605,28.290997,-8.642610,-45.576218,,,,,,,,,
2026-04-08,25.400000,2026-03-31,2025-12-31,-1.610000,-15.776398,-17.899888,22.626269,101.675404,65.247111,28.818819,-7.609473,-44.037766,,,,,,,,,
2026-04-09,25.100000,2026-03-31,2025-12-31,-1.610000,-15.590062,-18.225762,22.304091,101.162651,65.253064,29.343477,-6.566111,-42.475698,,,,,,,,,
2026-04-10,25.400000,2026-03-31,2025-12-31,-1.610000,-15.776398,-18.552776,21.972910,100.622741,65.246355,29.869970,-5.506415,-40.882801,,,,,,,,,
2026-04-13,25.250000,2026-03-31,2025-12-31,-1.610000,-15.683230,-18.878189,21.633416,100.053486,65.223686,30.393885,-4.435915,-39.265716,,,,,,,,,
2026-04-14,25.300000,2026-03-31,2025-12-31,-1.610000,-15.714286,-19.202211,21.286770,99.458960,65.187260,30.915560,-3.356140,-37.627840,,,,,,,,,
2026-04-15,24.600000,2026-03-31,2025-12-31,-1.610000,-15.279503,-19.523022,20.929181,98.824027,65.128046,31.432066,-2.263915,-35.959896,,,,,,,,,
2026-04-16,25.000000,2026-03-31,2025-12-31,-1.610000,-15.527950,-19.842191,20.567676,98.173843,65.059885,31.945927,-1.168031,-34.281989,,,,,,,,,
2026-04-17,25.100000,2026-03-31,2025-12-31,-1.610000,-15.590062,-20.161052,20.196264,97.491264,64.975279,32.459293,-0.056692,-32.572677,,,,,,,,,
2026-04-20,24.800000,2026-03-31,2025-12-31,-1.610000,-15.403727,-20.478773,19.812206,96.766127,64.868476,32.970824,1.073172,-30.824479,,,,,,,,,
2026-04-21,24.750000,2026-03-31,2025-12-31,-1.610000,-15.372671,-20.796647,19.414452,95.997136,64.739869,33.482602,2.225335,-29.031932,,,,,,,,,
2026-04-22,24.500000,2026-03-31,2025-12-31,-1.610000,-15.217391,-21.116116,18.996661,95.166196,64.581571,33.996946,3.412321,-27.172304,,,,,,,,,
2026-04-23,24.550000,2026-03-31,2025-12-31,-1.610000,-15.248447,-21.435018,18.565838,94.292377,64.401378,34.510378,4.619379,-25.271620,,,,,,,,,
2026-04-24,24.450000,2026-03-31,2025-12-31,-1.610000,-15.186335,-21.750514,18.126472,93.385569,64.201949,35.018328,5.834708,-23.348913,,,,,,,,,
2026-04-27,24.350000,2026-03-31,2025-12-31,-1.610000,-15.124224,-22.065906,17.669660,92.422414,63.974261,35.526109,7.077956,-21.370196,,,,,,,,,
2026-04-28,24.400000,2026-03-31,2025-12-31,-1.610000,-15.155280,-22.382381,17.192592,91.395781,63.715708,36.035634,8.355561,-19.324513,,,,,,,,,
2026-04-29,24.500000,2026-03-31,2025-12-31,-1.610000,-15.217391,-22.698550,16.697886,90.311858,63.428262,36.544665,9.661068,-17.222529,,,,,,,,,
2026-04-30,24.500000,2026-03-31,2025-12-31,-1.610000,-15.217391,-23.013480,16.185362,89.168569,63.110136,37.051703,10.993269,-15.065164,,,,,,,,,
2026-05-04,24.450000,2026-03-31,2025-12-31,-1.610000,-15.186335,-23.326089,15.655898,87.966995,62.760999,37.555003,12.349007,-12.856989,,,,,,,,,
2026-05-05,24.100000,2026-03-31,2025-12-31,-1.610000,-14.968944,-23.634823,15.108713,86.702123,62.377094,38.052066,13.727037,-10.597992,,,,,,,,,
2026-05-06,25.050000,2026-03-31,2025-12-31,-1.610000,-15.559006,-23.946825,14.536637,85.362359,61.958374,38.554388,15.150403,-8.253582,,,,,,,,,
2026-05-07,25.500000,2026-03-31,2025-12-31,-1.610000,-15.838509,-24.256205,13.949034,83.968381,61.510436,39.052491,16.594545,-5.863400,,,,,,,,,
2026-05-08,25.000000,2026-03-31,2025-12-31,-1.610000,-15.527950,-24.559697,13.341457,82.500605,61.020859,39.541113,18.061367,-3.418379,,,,,,,,,
2026-05-11,25.400000,2026-03-31,2025-12-31,-1.610000,-15.776398,-24.865260,12.696030,80.914284,60.473676,40.033068,19.592460,-0.848147,,,,,,,,,
2026-05-12,24.950000,2026-03-31,2025-12-31,-1.610000,-15.496894,-25.171793,11.997184,79.157520,59.842054,40.526587,21.211121,1.895654,,,,,,,,,
2026-05-13,24.700000,2026-03-31,2025-12-31,-1.610000,-15.341615,-25.479096,11.239100,77.211246,59.116295,41.021344,22.926393,4.831442,,,,,,,,,
2026-05-14,24.550000,2026-03-31,2025-12-31,-1.610000,-15.248447,-25.786859,10.412011,75.043520,58.280181,41.516843,24.753504,7.990166,,,,,,,,,
2026-05-15,24.100000,2026-05-15,2026-03-31,-1.580000,-15.253165,-26.095487,9.499006,71.247729,56.239299,41.230869,26.222439,11.214010,,,,,,,,,
2026-05-18,24.050000,2026-05-15,2026-03-31,-1.580000,-15.221519,-26.405914,8.465525,68.472403,55.096873,41.721344,28.345814,14.970284,,,,,,,,,
2026-05-19,24.200000,2026-05-15,2026-03-31,-1.580000,-15.316456,-26.714244,7.291734,65.250385,53.729445,42.208505,30.687566,19.166626,,,,,,,,,
2026-05-20,24.150000,2026-05-15,2026-03-31,-1.580000,-15.284810,-26.608933,7.365032,65.315614,53.678865,42.042115,30.405365,18.768615,,,,,,,,,
2026-05-21,24.200000,2026-05-15,2026-03-31,-1.580000,-15.316456,-26.503886,7.435702,65.372960,53.624550,41.876141,30.127731,18.379321,,,,,,,,,
2026-05-22,24.100000,2026-05-15,2026-03-31,-1.580000,-15.253165,-26.405347,7.506051,65.439568,53.580008,41.720448,29.860888,18.001328,,,,,,,,,
2026-05-25,24.300000,2026-05-15,2026-03-31,-1.580000,-15.379747,-26.312732,7.573218,65.505485,53.539801,41.574117,29.608433,17.642749,,,,,,,,,
2026-05-26,23.950000,2026-05-15,2026-03-31,-1.580000,-15.158228,-26.215025,7.641128,65.565703,53.492721,41.419739,29.346757,17.273775,,,,,,,,,
2026-05-27,23.850000,2026-05-15,2026-03-31,-1.580000,-15.094937,-26.118413,7.708091,65.624661,53.445877,41.267093,29.088309,16.909525,,,,,,,,,
2026-05-28,23.650000,2026-05-15,2026-03-31,-1.580000,-14.968354,-26.013712,7.773773,65.666789,53.384227,41.101665,28.819104,16.536542,,,,,,,,,
2026-05-29,24.400000,2026-05-15,2026-03-31,-1.580000,-15.443038,-25.912967,7.832044,65.691748,53.317118,40.942488,28.567858,16.193228,,,,,,,,,
2026-06-01,24.550000,2026-05-15,2026-03-31,-1.580000,-15.537975,-25.804896,7.885249,65.689124,53.230430,40.771736,28.313042,15.854348,,,,,,,,,
2026-06-02,24.650000,2026-05-15,2026-03-31,-1.580000,-15.601266,-25.695729,7.935336,65.674913,53.137082,40.599252,28.061422,15.523592,,,,,,,,,
2026-06-03,24.850000,2026-05-15,2026-03-31,-1.580000,-15.727848,-25.579500,7.978583,65.627933,53.021772,40.415610,27.809449,15.203288,,,,,,,,,
2026-06-04,24.450000,2026-05-15,2026-03-31,-1.580000,-15.474684,-25.461703,8.022799,65.581535,52.905512,40.229490,27.553468,14.877446,,,,,,,,,
2026-06-05,24.400000,2026-05-15,2026-03-31,-1.580000,-15.443038,-25.343641,8.065363,65.529502,52.786228,40.042953,27.299679,14.556405,,,,,,,,,
2026-06-08,23.850000,2026-05-15,2026-03-31,-1.580000,-15.094937,-25.221597,8.108963,65.474447,52.662285,39.850123,27.037961,14.225800,,,,,,,,,
2026-06-09,23.950000,2026-05-15,2026-03-31,-1.580000,-15.158228,-25.099539,8.149523,65.409765,52.533518,39.657272,26.781025,13.904778,,,,,,,,,
2026-06-10,23.900000,2026-05-15,2026-03-31,-1.580000,-15.126582,-24.979923,8.189922,65.348430,52.408354,39.468278,26.528202,13.588126,,,,,,,,,
2026-06-11,24.250000,2026-05-15,2026-03-31,-1.580000,-15.348101,-24.863776,8.227090,65.282371,52.283568,39.284766,26.285964,13.287162,,,,,,,,,
2026-06-12,24.550000,2026-05-15,2026-03-31,-1.580000,-15.537975,-24.745424,8.258444,65.194453,52.146111,39.097769,26.049428,13.001086,,,,,,,,,
2026-06-15,24.850000,2026-05-15,2026-03-31,-1.580000,-15.727848,-24.631359,8.287873,65.107225,52.012386,38.917548,25.822709,12.727870,,,,,,,,,
2026-06-16,24.500000,2026-05-15,2026-03-31,-1.580000,-15.506329,-24.518695,8.319462,65.029040,51.884290,38.739539,25.594788,12.450038,,,,,,,,,
2026-06-17,24.550000,2026-05-15,2026-03-31,-1.580000,-15.537975,-24.406295,8.349117,64.945157,51.753552,38.561947,25.370342,12.178737,,,,,,,,,
2026-06-18,24.500000,2026-05-15,2026-03-31,-1.580000,-15.506329,-24.288221,8.374128,64.837633,51.606511,38.375388,25.144266,11.913143,,,,,,,,,
2026-06-22,24.350000,2026-05-15,2026-03-31,-1.580000,-15.411392,-24.175307,8.401895,64.746974,51.471979,38.196985,24.921990,11.646996,,,,,,,,,
2026-06-23,24.150000,2026-05-15,2026-03-31,-1.580000,-15.284810,-24.060256,8.428503,64.649272,51.332238,38.015204,24.698170,11.381136,,,,,,,,,
2026-06-24,24.200000,2026-05-15,2026-03-31,-1.580000,-15.316456,-23.947633,8.454470,64.553386,51.195323,37.837261,24.479198,11.121136,,,,,,,,,
2026-06-25,24.600000,2026-05-15,2026-03-31,-1.580000,-15.569620,-23.833874,8.474738,64.437693,51.047607,37.657520,24.267434,10.877348,,,,,,,,,
2026-06-26,24.150000,2026-05-15,2026-03-31,-1.580000,-15.284810,-23.716658,8.495043,64.316655,50.894488,37.472320,24.050153,10.627985,,,,,,,,,
2026-06-29,24.150000,2026-05-15,2026-03-31,-1.580000,-15.284810,-23.598902,8.513301,64.188296,50.737280,37.286265,23.835250,10.384234,,,,,,,,,
2026-06-30,24.050000,2026-05-15,2026-03-31,-1.580000,-15.221519,-23.481159,8.530771,64.057469,50.578850,37.100232,23.621613,10.142994,,,,,,,,,
2026-07-01,23.000000,2026-05-15,2026-03-31,-1.580000,-14.556962,-23.355714,8.550541,63.921738,50.411883,36.902028,23.392173,9.882318,,,,,,,,,
2026-07-02,23.100000,2026-05-15,2026-03-31,-1.580000,-14.620253,-23.225385,8.563604,63.757098,50.226603,36.696108,23.165613,9.635119,,,,,,,,,
2026-07-03,23.650000,2026-05-15,2026-03-31,-1.580000,-14.968354,-23.094710,8.569007,63.567703,50.028672,36.489642,22.950611,9.411581,,,,,,,,,
2026-07-06,23.700000,2026-05-15,2026-03-31,-1.580000,-15.000000,-22.968628,8.575929,63.390367,49.840399,36.290432,22.740464,9.190496,,,,,,,,,
2026-07-07,23.400000,2026-05-15,2026-03-31,-1.580000,-14.810127,-22.843128,8.584274,63.218446,49.655294,36.092142,22.528989,8.965837,,,,,,,,,
2026-07-08,23.100000,2026-05-15,2026-03-31,-1.580000,-14.620253,-22.714963,8.591331,63.038246,49.463944,35.889642,22.315339,8.741037,,,,,,,,,
2026-07-09,22.700000,2026-05-15,2026-03-31,-1.580000,-14.367089,-22.585771,8.599390,62.859592,49.272555,35.685518,22.098482,8.511445,,,,,,,,,
2026-07-13,22.850000,2026-05-15,2026-03-31,-1.580000,-14.462025,-22.450336,8.598277,62.642085,49.056808,35.471530,21.886253,8.300975,,,,,,,,,
2026-07-14,22.700000,2026-05-15,2026-03-31,-1.580000,-14.367089,-22.316273,8.597844,62.428900,48.844306,35.259712,21.675118,8.090524,,,,,,,,,
2026-07-15,23.550000,2026-05-15,2026-03-31,-1.580000,-14.905063,-22.184530,8.589198,62.193424,48.622491,35.051557,21.480624,7.909691,,,,,,,,,
2026-07-16,23.950000,2026-05-15,2026-03-31,-1.580000,-15.158228,-22.040827,8.561015,61.877315,48.350910,34.824506,21.298102,7.771698,,,,,,,,,
2026-07-17,23.500000,2026-05-15,2026-03-31,-1.580000,-14.873418,-21.894750,8.532228,61.555547,48.074626,34.593706,21.112785,7.631864,,,,,,,,,
2026-07-20,23.800000,2026-05-15,2026-03-31,-1.580000,-15.063291,-21.750256,8.499540,61.223952,47.794679,34.365405,20.936131,7.506857,,,,,,,,,
2026-07-21,24.050000,2026-05-15,2026-03-31,-1.580000,-15.221519,-21.606539,8.462525,60.879913,47.509122,34.138332,20.767542,7.396752,,,,,,,,,
2026-07-22,23.850000,2026-05-15,2026-03-31,-1.580000,-15.094937,-21.461768,8.423672,60.528395,47.218994,33.909593,20.600192,7.290791,,,,,,,,,
2026-07-23,24.000000,2026-05-15,2026-03-31,-1.580000,-15.189873,-21.304800,8.362859,60.088218,46.874901,33.661584,20.448267,7.234950,,,,,,,,,
2026-07-24,23.800000,2026-05-15,2026-03-31,-1.580000,-15.063291,-21.150566,8.305199,59.662323,46.540108,33.417894,20.295679,7.173465,,,,,,,,,
2026-07-27,24.400000,2026-05-15,2026-03-31,-1.580000,-15.443038,-20.996249,8.236929,59.202770,46.188422,33.174073,20.159725,7.145377,,,,,,,,,
2026-07-28,24.800000,2026-05-15,2026-03-31,-1.580000,-15.696203,-20.848912,8.171484,58.763171,45.852226,32.941281,20.030336,7.119392,,,,,,,,,
2026-07-29,24.350000,2026-05-15,2026-03-31,-1.580000,-15.411392,-20.699202,8.104329,58.314420,45.509580,32.704739,19.899898,7.095058,,,,,,,,,
2026-07-30,24.050000,2026-05-15,2026-03-31,-1.580000,-15.221519,-20.541957,8.024981,57.815233,45.135763,32.456292,19.776822,7.097351,,,,,,,,,
2026-07-31,24.300000,2026-05-15,2026-03-31,-1.580000,-15.379747,-20.388195,7.944581,57.318223,44.765786,32.213348,19.660911,7.108474,,,,,,,,,
2026-08-03,23.800000,2026-05-15,2026-03-31,-1.580000,-15.063291,-20.228549,7.856273,56.786932,44.374020,31.961108,19.548196,7.135284,,,,,,,,,
2026-08-04,23.550000,2026-05-15,2026-03-31,-1.580000,-14.905063,-20.065962,7.761518,56.230616,43.967418,31.704220,19.441021,7.177823,,,,,,,,,
2026-08-05,24.050000,2026-05-15,2026-03-31,-1.580000,-15.221519,-19.907093,7.662490,55.666676,43.559942,31.453208,19.346474,7.239739,,,,,,,,,
2026-08-06,24.350000,2026-05-15,2026-03-31,-1.580000,-15.411392,-19.755219,7.568115,55.128489,43.170867,31.213246,19.255624,7.298003,,,,,,,,,
2026-08-07,24.350000,2026-05-15,2026-03-31,-1.580000,-15.411392,-19.606591,7.475497,54.600984,42.789699,30.978413,19.167128,7.355843,,,,,,,,,
2026-08-10,24.550000,2026-05-15,2026-03-31,-1.580000,-15.537975,-19.456853,7.374006,54.043686,42.392757,30.741828,19.090899,7.439970,,,,,,,,,
2026-08-11,24.650000,2026-05-15,2026-03-31,-1.580000,-15.601266,-19.308725,7.269836,53.480468,41.994127,30.507786,19.021444,7.535103,,,,,,,,,
2026-08-12,24.450000,2026-05-15,2026-03-31,-1.580000,-15.474684,-19.163330,7.169058,52.932285,41.605173,30.278062,18.950950,7.623838,,,,,,,,,
2026-08-13,24.050000,2026-05-15,2026-03-31,-1.580000,-15.221519,-19.015284,7.063854,52.365926,41.205038,30.044149,18.883261,7.722372,,,,,,,,,
2026-08-14,24.250000,2026-08-14,2026-06-30,-1.290000,-18.798450,-18.895964,6.943559,42.290176,33.332985,24.375794,15.418602,6.461411,,,,,,,,,
2026-08-17,24.200000,2026-08-14,2026-06-30,-1.290000,-18.759690,-18.773074,6.812055,41.792368,33.004817,24.217265,15.429714,6.642163,,,,,,,,,
2026-08-18,24.100000,2026-08-14,2026-06-30,-1.290000,-18.682171,-18.646291,6.668287,41.257897,32.655806,24.053716,15.451625,6.849534,,,,,,,,,
2026-08-19,24.050000,2026-08-14,2026-06-30,-1.290000,-18.643411,-18.515398,6.509707,40.679907,32.282385,23.884863,15.487341,7.089819,,,,,,,,,
2026-08-20,24.800000,2026-08-14,2026-06-30,-1.290000,-19.224806,-18.388267,6.342107,40.083501,31.902182,23.720864,15.539546,7.358227,,,,,,,,,
2026-08-21,24.850000,2026-08-14,2026-06-30,-1.290000,-19.263566,-18.263082,6.171644,39.482217,31.520797,23.559376,15.597955,7.636535,,,,,,,,,
2026-08-24,24.700000,2026-08-14,2026-06-30,-1.290000,-19.147287,-18.137470,5.994994,38.864419,31.130877,23.397336,15.663794,7.930253,,,,,,,,,
2026-08-25,24.600000,2026-08-14,2026-06-30,-1.290000,-19.069767,-18.016081,5.823553,38.265512,30.753129,23.240745,15.728361,8.215977,,,,,,,,,
2026-08-26,24.300000,2026-08-14,2026-06-30,-1.290000,-18.837209,-17.902495,5.670223,37.723395,30.408807,23.094219,15.779631,8.465043,,,,,,,,,
2026-08-27,24.100000,2026-08-14,2026-06-30,-1.290000,-18.682171,-17.789782,5.515800,37.179584,30.064201,22.948819,15.833436,8.718054,,,,,,,,,
2026-08-28,24.300000,2026-08-14,2026-06-30,-1.290000,-18.837209,-17.674572,5.344261,36.588391,29.694295,22.800198,15.906102,9.012005,,,,,,,,,
2026-08-31,24.400000,2026-08-14,2026-06-30,-1.290000,-18.914729,-17.569208,5.190665,36.056195,29.360237,22.664278,15.968320,9.272362,,,,,,,,,
2026-09-01,25.300000,2026-08-14,2026-06-30,-1.290000,-19.612403,-17.470199,5.033777,35.523700,29.030129,22.536557,16.042985,9.549413,,,,,,,,,
2026-09-02,24.800000,2026-08-14,2026-06-30,-1.290000,-19.224806,-17.359843,4.843802,34.891205,28.642701,22.394197,16.145693,9.897189,,,,,,,,,
2026-09-03,24.450000,2026-08-14,2026-06-30,-1.290000,-18.953488,-17.246144,4.638922,34.215945,28.231735,22.247525,16.263315,10.279106,,,,,,,,,
2026-09-04,24.600000,2026-08-14,2026-06-30,-1.290000,-19.069767,-17.138825,4.440673,33.566020,27.837552,22.109084,16.380615,10.652147,,,,,,,,,
2026-09-07,24.300000,2026-08-14,2026-06-30,-1.290000,-18.837209,-17.029568,4.229517,32.880295,27.424219,21.968142,16.512065,11.055989,,,,,,,,,
2026-09-08,24.300000,2026-08-14,2026-06-30,-1.290000,-18.837209,-16.921934,4.010343,32.175980,27.002637,21.829295,16.655952,11.482610,,,,,,,,,
2026-09-09,24.750000,2026-08-14,2026-06-30,-1.290000,-19.186047,-16.816125,3.772752,31.426501,26.559651,21.692801,16.825951,11.959102,,,,,,,,,
2026-09-10,24.800000,2026-08-14,2026-06-30,-1.290000,-19.224806,-16.717674,3.545804,30.713974,26.139887,21.565799,16.991712,12.417624,,,,,,,,,
2026-09-11,24.500000,2026-08-14,2026-06-30,-1.290000,-18.992248,-16.621072,3.315259,29.994551,25.717867,21.441183,17.164499,12.887816,,,,,,,,,
2026-09-14,23.900000,2026-08-14,2026-06-30,-1.290000,-18.527132,-16.528712,3.097585,29.313808,25.317923,21.322038,17.326153,13.330269,,,,,,,,,
2026-09-15,23.800000,2026-08-14,2026-06-30,-1.290000,-18.449612,-16.438411,2.872324,28.616146,24.910848,21.205550,17.500252,13.794954,,,,,,,,,
2026-09-16,24.050000,2026-08-14,2026-06-30,-1.290000,-18.643411,-16.344855,2.601195,27.795947,24.440405,21.084863,17.729321,14.373779,,,,,,,,,
2026-09-17,24.450000,2026-08-14,2026-06-30,-1.290000,-18.953488,-16.255506,2.306960,26.921559,23.945581,20.969603,17.993625,15.017648,,,,,,,,,
2026-09-18,24.350000,2026-08-14,2026-06-30,-1.290000,-18.875969,-16.166053,1.967977,25.931589,23.392898,20.854208,18.315518,15.776827,,,,,,,,,
2026-09-21,24.150000,2026-08-14,2026-06-30,-1.290000,-18.720930,-16.078013,1.572748,24.798327,22.769482,20.740637,18.711792,16.682947,,,,,,,,,
2026-09-22,24.550000,2026-08-14,2026-06-30,-1.290000,-19.031008,-16.117557,1.586898,24.885844,22.838747,20.791649,18.744551,16.697453,,,,,,,,,
2026-09-23,25.650000,2026-08-14,2026-06-30,-1.290000,-19.883721,-16.160584,1.618385,25.022586,22.934869,20.847153,18.759437,16.671721,,,,,,,,,
2026-09-24,25.250000,2026-08-14,2026-06-30,-1.290000,-19.573643,-16.201027,1.642554,25.137113,23.018219,20.899325,18.780430,16.661536,,,,,,,,,
