date,close,available_date,period_end,eps,ttm_eps,pe,pe_mean,pe_std,price_m2,price_m1,price_mean,price_p1,price_p2,forward_pe,forward_pe_mean,forward_pe_std,forward_price_m2,forward_price_m1,forward_price_mean,forward_price_p1,forward_price_p2
2023-09-28,50.459999,,,,,,,,,,,,,,,,,,,,
2023-09-29,51.250000,,,,,,,,,,,,,,,,,,,,
2023-10-02,51.470001,,,,,,,,,,,,,,,,,,,,
2023-10-03,50.860001,,,,,,,,,,,,,,,,,,,,
2023-10-04,52.970001,,,,,,,,,,,,,,,,,,,,
2023-10-05,53.790001,,,,,,,,,,,,,,,,,,,,
2023-10-06,55.500000,,,,,,,,,,,,,,,,,,,,
2023-10-09,55.900002,,,,,,,,,,,,,,,,,,,,
2023-10-10,56.680000,,,,,,,,,,,,,,,,,,,,
2023-10-11,57.509998,,,,,,,,,,,,,,,,,,,,
2023-10-12,56.500000,,,,,,,,,,,,,,,,,,,,
2023-10-13,55.790001,,,,,,,,,,,,,,,,,,,,
2023-10-16,55.820000,,,,,,,,,,,,,,,,,,,,
2023-10-17,55.160000,,,,,,,,,,,,,,,,,,,,
2023-10-18,55.040001,,,,,,,,,,,,,,,,,,,,
2023-10-19,55.580002,,,,,,,,,,,,,,,,,,,,
2023-10-20,55.060001,,,,,,,,,,,,,,,,,,,,
2023-10-23,54.840000,,,,,,,,,,,,,,,,,,,,
2023-10-24,54.500000,,,,,,,,,,,,,,,,,,,,
2023-10-25,53.150002,,,,,,,,,,,,,,,,,,,,
2023-10-26,51.980000,,,,,,,,,,,,,,,,,,,,
2023-10-27,52.639999,,,,,,,,,,,,,,,,,,,,
2023-10-30,53.160000,,,,,,,,,,,,,,,,,,,,
2023-10-31,53.580002,,,,,,,,,,,,,,,,,,,,
2023-11-01,54.250000,,,,,,,,,,,,,,,,,,,,
2023-11-02,56.139999,,,,,,,,,,,,,,,,,,,,
2023-11-03,55.799999,,,,,,,,,,,,,,,,,,,,
2023-11-06,55.799999,,,,,,,,,,,,,,,,,,,,
2023-11-07,56.830002,,,,,,,,,,,,,,,,,,,,
2023-11-08,56.560001,,,,,,,,,,,,,,,,,,,,
2023-11-09,57.040001,,,,,,,,,,,,,,,,,,,,
2023-11-10,57.619999,,,,,,,,,,,,,,,,,,,,
2023-11-13,57.869999,,,,,,,,,,,,,,,,,,,,
2023-11-14,58.700001,,,,,,,,,,,,,,,,,,,,
2023-11-15,58.099998,,,,,,,,,,,,,,,,,,,,
2023-11-16,58.740002,,,,,,,,,,,,,,,,,,,,
2023-11-17,59.090000,,,,,,,,,,,,,,,,,,,,
2023-11-20,59.230000,,,,,,,,,,,,,,,,,,,,
2023-11-21,58.459999,,,,,,,,,,,,,,,,,,,,
2023-11-22,59.380001,,,,,,,,,,,,,,,,,,,,
2023-11-24,59.630001,,,,,,,,,,,,,,,,,,,,
2023-11-27,59.500000,,,,,,,,,,,,,,,,,,,,
2023-11-28,59.200001,,,,,,,,,,,,,,,,,,,,
2023-11-29,59.070000,,,,,,,,,,,,,,,,,,,,
2023-11-30,58.799999,,,,,,,,,,,,,,,,,,,,
2023-12-01,58.830002,,,,,,,,,,,,,,,,,,,,
2023-12-04,58.430000,,,,,,,,,,,,,,,,,,,,
2023-12-05,58.230000,,,,,,,,,,,,,,,,,,,,
2023-12-06,57.810001,,,,,,,,,,,,,,,,,,,,
2023-12-07,57.820000,,,,,,,,,,,,,,,,,,,,
2023-12-08,58.860001,,,,,,,,,,,,,,,,,,,,
2023-12-11,59.060001,,,,,,,,,,,,,,,,,,,,
2023-12-12,58.540001,,,,,,,,,,,,,,,,,,,,
2023-12-13,59.810001,,,,,,,,,,,,,,,,,,,,
2023-12-14,60.209999,,,,,,,,,,,,,,,,,,,,
2023-12-15,59.970001,,,,,,,,,,,,,,,,,,,,
2023-12-18,59.230000,,,,,,,,,,,,,,,,,,,,
2023-12-19,59.900002,,,,,,,,,,,,,,,,,,,,
2023-12-20,58.169998,,,,,,,,,,,,,,,,,,,,
2023-12-21,60.080002,,,,,,,,,,,,,,,,,,,,
2023-12-22,60.689999,,,,,,,,,,,,,,,,,,,,
2023-12-26,60.340000,,,,,,,,,,,,,,,,,,,,
2023-12-27,60.240002,,,,,,,,,,,,,,,,,,,,
2023-12-28,60.970001,,,,,,,,,,,,,,,,,,,,
2023-12-29,61.270000,,,,,,,,,,,,,,,,,,,,
2024-01-02,59.639999,,,,,,,,,,,,,,,,,,,,
2024-01-03,59.450001,,,,,,,,,,,,,,,,,,,,
2024-01-04,62.480000,,,,,,,,,,,,,,,,,,,,
2024-01-05,65.000000,,,,,,,,,,,,,,,,,,,,
2024-01-08,64.940002,,,,,,,,,,,,,,,,,,,,
2024-01-09,64.989998,,,,,,,,,,,,,,,,,,,,
2024-01-10,64.809998,,,,,,,,,,,,,,,,,,,,
2024-01-11,64.699997,,,,,,,,,,,,,,,,,,,,
2024-01-12,64.220001,,,,,,,,,,,,,,,,,,,,
2024-01-16,63.570000,,,,,,,,,,,,,,,,,,,,
2024-01-17,63.590000,,,,,,,,,,,,,,,,,,,,
2024-01-18,63.549999,,,,,,,,,,,,,,,,,,,,
2024-01-19,64.389999,,,,,,,,,,,,,,,,,,,,
2024-01-22,64.919998,,,,,,,,,,,,,,,,,,,,
2024-01-23,64.480003,,,,,,,,,,,,,,,,,,,,
2024-01-24,64.309998,,,,,,,,,,,,,,,,,,,,
2024-01-25,63.270000,,,,,,,,,,,,,,,,,,,,
2024-01-26,62.299999,,,,,,,,,,,,,,,,,,,,
2024-01-29,61.150002,,,,,,,,,,,,,,,,,,,,
2024-01-30,62.540001,,,,,,,,,,,,,,,,,,,,
2024-01-31,62.980000,,,,,,,,,,,,,,,,,,,,
2024-02-01,63.540001,,,,,,,,,,,,,,,,,,,,
2024-02-02,63.889999,,,,,,,,,,,,,,,,,,,,
2024-02-05,64.330002,,,,,,,,,,,,,,,,,,,,
2024-02-06,64.930000,,,,,,,,,,,,,,,,,,,,
2024-02-07,66.949997,,,,,,,,,,,,,,,,,,,,
2024-02-08,67.900002,,,,,,,,,,,,,,,,,,,,
2024-02-09,68.459999,,,,,,,,,,,,,,,,,,,,
2024-02-12,68.769997,,,,,,,,,,,,,,,,,,,,
2024-02-13,67.550003,,,,,,,,,,,,,,,,,,,,
2024-02-14,68.959999,,,,,,,,,,,,,,,,,,,,
2024-02-15,69.220001,,,,,,,,,,,,,,,,,,,,
2024-02-16,68.459999,,,,,,,,,,,,,,,,,,,,
2024-02-20,67.330002,,,,,,,,,,,,,,,,,,,,
2024-02-21,67.709999,,,,,,,,,,,,,,,,,,,,
2024-02-22,69.269997,,,,,,,,,,,,,,,,,,,,
2024-02-23,69.089996,,,,,,,,,,,,,,,,,,,,
2024-02-26,69.820000,,,,,,,,,,,,,,,,,,,,
2024-02-27,69.389999,,,,,,,,,,,,,,,,,,,,
2024-02-28,70.019997,,,,,,,,,,,,,,,,,,,,
2024-02-29,70.790001,,,,,,,,,,,,,,,,,,,,
2024-03-01,72.199997,,,,,,,,,,,,,,,,,,,,
2024-03-04,72.290001,,,,,,,,,,,,,,,,,,,,
2024-03-05,70.860001,,,,,,,,,,,,,,,,,,,,
2024-03-06,72.120003,,,,,,,,,,,,,,,,,,,,
2024-03-07,72.750000,,,,,,,,,,,,,,,,,,,,
2024-03-08,71.739998,,,,,,,,,,,,,,,,,,,,
2024-03-11,71.769997,,,,,,,,,,,,,,,,,,,,
2024-03-12,72.410004,,,,,,,,,,,,,,,,,,,,
2024-03-13,71.849998,,,,,,,,,,,,,,,,,,,,
2024-03-14,71.809998,,,,,,,,,,,,,,,,,,,,
2024-03-15,72.480003,,,,,,,,,,,,,,,,,,,,
2024-03-18,73.849998,,,,,,,,,,,,,,,,,,,,
2024-03-19,74.489998,,,,,,,,,,,,,,,,,,,,
2024-03-20,76.139999,,,,,,,,,,,,,,,,,,,,
2024-03-21,78.150002,,,,,,,,,,,,,,,,,,,,
2024-03-22,77.709999,,,,,,,,,,,,,,,,,,,,
2024-03-25,76.540001,,,,,,,,,,,,,,,,,,,,
2024-03-26,75.750000,,,,,,,,,,,,,,,,,,,,
2024-03-27,76.300003,,,,,,,,,,,,,,,,,,,,
2024-03-28,76.940002,,,,,,,,,,,,,,,,,,,,
2024-04-01,79.699997,,,,,,,,,,,,,,,,,,,,
2024-04-02,79.809998,,,,,,,,,,,,,,,,,,,,
2024-04-03,80.940002,,,,,,,,,,,,,,,,,,,,
2024-04-04,79.839996,,,,,,,,,,,,,,,,,,,,
2024-04-05,80.400002,,,,,,,,,,,,,,,,,,,,
2024-04-08,82.870003,,,,,,,,,,,,,,,,,,,,
2024-04-09,80.430000,,,,,,,,,,,,,,,,,,,,
2024-04-10,79.559998,,,,,,,,,,,,,,,,,,,,
2024-04-11,77.800003,,,,,,,,,,,,,,,,,,,,
2024-04-12,75.279999,,,,,,,,,,,,,,,,,,,,
2024-04-15,73.839996,,,,,,,,,,,,,,,,,,,,
2024-04-16,73.360001,,,,,,,,,,,,,,,,,,,,
2024-04-17,74.230003,,,,,,,,,,,,,,,,,,,,
2024-04-18,73.300003,,,,,,,,,,,,,,,,,,,,
2024-04-19,71.839996,,,,,,,,,,,,,,,,,,,,
2024-04-22,72.470001,,,,,,,,,,,,,,,,,,,,
2024-04-23,72.570000,,,,,,,,,,,,,,,,,,,,
2024-04-24,73.730003,,,,,,,,,,,,,,,,,,,,
2024-04-25,72.930000,,,,,,,,,,,,,,,,,,,,
2024-04-26,73.349998,,,,,,,,,,,,,,,,,,,,
2024-04-29,75.110001,,,,,,,,,,,,,,,,,,,,
2024-04-30,73.809998,,,,,,,,,,,,,,,,,,,,
2024-05-01,71.699997,,,,,,,,,,,,,,,,,,,,
2024-05-02,73.400002,,,,,,,,,,,,,,,,,,,,
2024-05-03,73.959999,,,,,,,,,,,,,,,,,,,,
2024-05-06,78.580002,,,,,,,,,,,,,,,,,,,,
2024-05-07,79.239998,,,,,,,,,,,,,,,,,,,,
2024-05-08,78.720001,,,,,,,,,,,,,,,,,,,,
2024-05-09,76.900002,,,,,,,,,,,,,,,,,,,,
2024-05-10,76.209999,,,,,,,,,,,,,,,,,,,,
2024-05-13,75.129997,,,,,,,,,,,,,,,,,,,,
2024-05-14,74.889999,,,,,,,,,,,,,,,,,,,,
2024-05-15,76.000000,,,,,,,,,,,,,,,,,,,,
2024-05-16,77.309998,,,,,,,,,,,,,,,,,,,,
2024-05-17,77.389999,,,,,,,,,,,,,,,,,,,,
2024-05-20,78.129997,,,,,,,,,,,,,,,,,,,,
2024-05-21,78.529999,,,,,,,,,,,,,,,,,,,,
2024-05-22,80.309998,,,,,,,,,,,,,,,,,,,,
2024-05-23,78.180000,,,,,,,,,,,,,,,,,,,,
2024-05-24,78.690002,,,,,,,,,,,,,,,,,,,,
2024-05-28,77.220001,,,,,,,,,,,,,,,,,,,,
2024-05-29,76.470001,,,,,,,,,,,,,,,,,,,,
2024-05-30,78.160004,,,,,,,,,,,,,,,,,,,,
2024-05-31,78.089996,,,,,,,,,,,,,,,,,,,,
2024-06-03,78.430000,,,,,,,,,,,,,,,,,,,,
2024-06-04,77.760002,,,,,,,,,,,,,,,,,,,,
2024-06-05,79.949997,,,,,,,,,,,,,,,,,,,,
2024-06-06,83.720001,,,,,,,,,,,,,,,,,,,,
2024-06-07,82.540001,,,,,,,,,,,,,,,,,,,,
2024-06-10,84.379997,,,,,,,,,,,,,,,,,,,,
2024-06-11,83.199997,,,,,,,,,,,,,,,,,,,,
2024-06-12,82.120003,,,,,,,,,,,,,,,,,,,,
2024-06-13,81.900002,,,,,,,,,,,,,,,,,,,,
2024-06-14,82.709999,,,,,,,,,,,,,,,,,,,,
2024-06-17,83.279999,,,,,,,,,,,,,,,,,,,,
2024-06-18,84.879997,,,,,,,,,,,,,,,,,,,,
2024-06-20,83.269997,,,,,,,,,,,,,,,,,,,,
2024-06-21,82.489998,,,,,,,,,,,,,,,,,,,,
2024-06-24,78.709999,,,,,,,,,,,,,,,,,,,,
2024-06-25,80.529999,,,,,,,,,,,,,,,,,,,,
2024-06-26,80.089996,,,,,,,,,,,,,,,,,,,,
2024-06-27,80.309998,,,,,,,,,,,,,,,,,,,,
2024-06-28,80.989998,,,,,,,,,,,,,,,,,,,,
2024-07-01,79.870003,,,,,,,,,,,,,,,,,,,,
2024-07-02,81.010002,,,,,,,,,,,,,,,,,,,,
2024-07-03,81.540001,,,,,,,,,,,,,,,,,,,,
2024-07-05,82.680000,,,,,,,,,,,,,,,,,,,,
2024-07-08,83.760002,,,,,,,,,,,,,,,,,,,,
2024-07-09,79.769997,,,,,,,,,,,,,,,,,,,,
2024-07-10,80.570000,,,,,,,,,,,,,,,,,,,,
2024-07-11,80.080002,,,,,,,,,,,,,,,,,,,,
2024-07-12,80.690002,,,,,,,,,,,,,,,,,,,,
2024-07-15,79.820000,,,,,,,,,,,,,,,,,,,,
2024-07-16,79.639999,,,,,,,,,,,,,,,,,,,,
2024-07-17,75.500000,,,,,,,,,,,,,,,,,,,,
2024-07-18,76.699997,,,,,,,,,,,,,,,,,,,,
2024-07-19,75.139999,,,,,,,,,,,,,,,,,,,,
2024-07-22,76.029999,,,,,,,,,,,,,,,,,,,,
2024-07-23,75.470001,,,,,,,,,,,,,,,,,,,,
2024-07-24,73.760002,,,,,,,,,,,,,,,,,,,,
2024-07-25,68.680000,,,,,,,,,,,,,,,,,,,,
2024-07-26,70.080002,,,,,,,,,,,,,,,,,,,,
2024-07-29,68.800003,,,,,,,,,,,,,,,,,,,,
2024-07-30,66.629997,,,,,,,,,,,,,,,,,,,,
2024-07-31,69.440002,,,,,,,,,,,,,,,,,,,,
2024-08-01,64.860001,,,,,,,,,,,,,,,,,,,,
2024-08-02,62.500000,,,,,,,,,,,,,,,,,,,,
2024-08-05,58.650002,,,,,,,,,,,,,,,,,,,,
2024-08-06,57.509998,,,,,,,,,,,,,,,,,,,,
2024-08-07,58.400002,,,,,,,,,,,,,,,,,,,,
2024-08-08,60.610001,,,,,,,,,,,,,,,,,,,,
2024-08-09,59.919998,,,,,,,,,,,,,,,,,,,,
2024-08-12,60.860001,,,,,,,,,,,,,,,,,,,,
2024-08-13,63.709999,,,,,,,,,,,,,,,,,,,,
2024-08-14,63.119999,,,,,,,,,,,,,,,,,,,,
2024-08-15,66.680000,,,,,,,,,,,,,,,,,,,,
2024-08-16,63.869999,,,,,,,,,,,,,,,,,,,,
2024-08-19,65.040001,,,,,,,,,,,,,,,,,,,,
2024-08-20,64.750000,,,,,,,,,,,,,,,,,,,,
2024-08-21,65.500000,,,,,,,,,,,,,,,,,,,,
2024-08-22,64.800003,,,,,,,,,,,,,,,,,,,,
2024-08-23,64.070000,,,,,,,,,,,,,,,,,,,,
2024-08-26,62.360001,,,,,,,,,,,,,,,,,,,,
2024-08-27,62.099998,,,,,,,,,,,,,,,,,,,,
2024-08-28,62.099998,,,,,,,,,,,,,,,,,,,,
2024-08-29,62.939999,,,,,,,,,,,,,,,,,,,,
2024-08-30,63.570000,,,,,,,,,,,,,,,,,,,,
2024-09-03,59.349998,,,,,,,,,,,,,,,,,,,,
2024-09-04,58.919998,,,,,,,,,,,,,,,,,,,,
2024-09-05,58.500000,,,,,,,,,,,,,,,,,,,,
2024-09-06,56.919998,,,,,,,,,,,,,,,,,,,,
2024-09-09,57.950001,,,,,,,,,,,,,,,,,,,,
2024-09-10,57.389999,,,,,,,,,,,,,,,,,,,,
2024-09-11,58.330002,,,,,,,,,,,,,,,,,,,,
2024-09-12,58.099998,,,,,,,,,,,,,,,,,,,,
2024-09-13,59.639999,,,,,,,,,,,,,,,,,,,,
2024-09-16,55.910000,,,,,,,,,,,,,,,,,,,,
2024-09-17,56.500000,,,,,,,,,,,,,,,,,,,,
2024-09-18,55.189999,,,,,,,,,,,,,,,,,,,,
2024-09-19,55.860001,,,,,,,,,,,,,,,,,,,,
2024-09-20,54.970001,,,,,,,,,,,,,,,,,,,,
2024-09-23,54.939999,,,,,,,,,,,,,,,,,,,,
2024-09-24,56.950001,,,,,,,,,,,,,,,,,,,,
2024-09-25,57.090000,,,,,,,,,,,,,,,,,,,,
2024-09-26,61.470001,,,,,,,,,,,,,,,,,,,,
2024-09-27,60.590000,,,,,,,,,,,,,,,,,,,,
2024-09-30,60.740002,,,,,,,,,,,,,,,,,,,,
2024-10-01,59.570000,,,,,,,,,,,,,,,,,,,,
2024-10-02,60.080002,,,,,,,,,,,,,,,,,,,,
2024-10-03,60.990002,,,,,,,,,,,,,,,,,,,,
2024-10-04,61.139999,,,,,,,,,,,,,,,,,,,,
2024-10-07,60.200001,,,,,,,,,,,,,,,,,,,,
2024-10-08,60.189999,,,,,,,,,,,,,,,,,,,,
2024-10-09,59.790001,,,,,,,,,,,,,,,,,,,,
2024-10-10,60.250000,,,,,,,,,,,,,,,,,,,,
2024-10-11,59.930000,,,,,,,,,,,,,,,,,,,,
2024-10-14,59.200001,,,,,,,,,,,,,,,,,,,,
2024-10-15,57.270000,,,,,,,,,,,,,,,,,,,,
2024-10-16,56.320000,,,,,,,,,,,,,,,,,,,,
2024-10-17,56.209999,,,,,,,,,,,,,,,,,,,,
2024-10-18,55.939999,,,,,,,,,,,,,,,,,,,,
2024-10-21,57.150002,,,,,,,,,,,,,,,,,,,,
2024-10-22,57.000000,,,,,,,,,,,,,,,,,,,,
2024-10-23,55.759998,,,,,,,,,,,,,,,,,,,,
2024-10-24,56.240002,,,,,,,,,,,,,,,,,,,,
2024-10-25,56.060001,,,,,,,,,,,,,,,,,,,,
2024-10-28,56.700001,,,,,,,,,,,,,,,,,,,,
2024-10-29,57.830002,,,,,,,,,,,,,,,,,,,,
2024-10-30,56.009998,,,,,,,,,,,,,,,,,,,,
2024-10-31,53.810001,,,,,,,,,,,,,,,,,,,,
2024-11-01,52.779999,,,,,,,,,,,,,,,,,,,,
2024-11-04,52.290001,,,,,,,,,,,,,,,,,,,,
2024-11-05,53.939999,,,,,,,,,,,,,,,,,,,,
2024-11-06,55.330002,,,,,,,,,,,,,,,,,,,,
2024-11-07,56.090000,,,,,,,,,,,,,,,,,,,,
2024-11-08,54.119999,,,,,,,,,,,,,,,,,,,,
2024-11-11,51.740002,,,,,,,,,,,,,,,,,,,,
2024-11-12,51.130001,,,,,,,,,,,,,,,,,,,,
2024-11-13,52.590000,,,,,,,,,,,,,,,,,,,,
2024-11-14,54.020000,,,,,,,,,,,,,,,,,,,,
2024-11-15,51.200001,,,,,,,,,,,,,,,,,,,,
2024-11-18,52.799999,,,,,,,,,,,,,,,,,,,,
2024-11-19,53.560001,,,,,,,,,,,,,,,,,,,,
2024-11-20,53.070000,,,,,,,,,,,,,,,,,,,,
2024-11-21,54.799999,,,,,,,,,,,,,,,,,,,,
2024-11-22,54.930000,,,,,,,,,,,,,,,,,,,,
2024-11-25,55.810001,,,,,,,,,,,,,,,,,,,,
2024-11-26,53.410000,,,,,,,,,,,,,,,,,,,,
2024-11-27,52.430000,,,,,,,,,,,,,,,,,,,,
2024-11-29,53.070000,,,,,,,,,,,,,,,,,,,,
2024-12-02,53.950001,,,,,,,,,,,,,,,,,,,,
2024-12-03,57.160000,,,,,,,,,,,,,,,,,,,,
2024-12-04,56.200001,,,,,,,,,,,,,,,,,,,,
2024-12-05,56.200001,,,,,,,,,,,,,,,,,,,,
2024-12-06,56.980000,,,,,,,,,,,,,,,,,,,,
2024-12-09,57.029999,,,,,,,,,,,,,,,,,,,,
2024-12-10,56.119999,,,,,,,,,,,,,,,,,,,,
2024-12-11,56.150002,,,,,,,,,,,,,,,,,,,,
2024-12-12,56.270000,,,,,,,,,,,,,,,,,,,,
2024-12-13,59.320000,,,,,,,,,,,,,,,,,,,,
2024-12-16,60.320000,,,,,,,,,,,,,,,,,,,,
2024-12-17,60.150002,,,,,,,,,,,,,,,,,,,,
2024-12-18,55.180000,,,,,,,,,,,,,,,,,,,,
2024-12-19,53.230000,,,,,,,,,,,,,,,,,,,,
2024-12-20,53.900002,,,,,,,,,,,,,,,,,,,,
2024-12-23,56.070000,,,,,,,,,,,,,,,,,,,,
2024-12-24,56.490002,,,,,,,,,,,,,,,,,,,,
2024-12-26,56.750000,,,,,,,,,,,,,,,,,,,,
2024-12-27,54.860001,,,,,,,,,,,,,,,,,,,,
2024-12-30,54.599998,,,,,,,,,,,,,,,,,,,,
2024-12-31,54.049999,,,,,,,,,,,,,,,,,,,,
2025-01-02,54.650002,,,,,,,,,,,,,,,,,,,,
2025-01-03,55.150002,,,,,,,,,,,,,,,,,,,,
2025-01-06,56.299999,,,,,,,,,,,,,,,,,,,,
2025-01-07,56.110001,,,,,,,,,,,,,,,,,,,,
2025-01-08,55.169998,,,,,,,,,,,,,,,,,,,,
2025-01-10,52.959999,,,,,,,,,,,,,,,,,,,,
2025-01-13,51.900002,,,,,,,,,,,,,,,,,,,,
2025-01-14,50.430000,,,,,,,,,,,,,,,,,,,,
2025-01-15,50.529999,,,,,,,,,,,,,,,,,,,,
2025-01-16,51.169998,,,,,,,,,,,,,,,,,,,,
2025-01-17,51.959999,,,,,,,,,,,,,,,,,,,,
2025-01-21,52.630001,,,,,,,,,,,,,,,,,,,,
2025-01-22,54.020000,,,,,,,,,,,,,,,,,,,,
2025-01-23,53.959999,,,,,,,,,,,,,,,,,,,,
2025-01-24,52.810001,,,,,,,,,,,,,,,,,,,,
2025-01-27,50.849998,,,,,,,,,,,,,,,,,,,,
2025-01-28,51.060001,,,,,,,,,,,,,,,,,,,,
2025-01-29,51.259998,,,,,,,,,,,,,,,,,,,,
2025-01-30,53.570000,,,,,,,,,,,,,,,,,,,,
2025-01-31,54.610001,,,,,,,,,,,,,,,,,,,,
2025-02-03,51.919998,,,,,,,,,,,,,,,,,,,,
2025-02-04,54.470001,,,,,,,,,,,,,,,,,,,,
2025-02-05,56.619999,,,,,,,,,,,,,,,,,,,,
2025-02-06,55.570000,,,,,,,,,,,,,,,,,,,,
2025-02-07,52.799999,,,,,,,,,,,,,,,,,,,,
2025-02-10,53.279999,,,,,,,,,,,,,,,,,,,,
2025-02-11,54.180000,,,,,,,,,,,,,,,,,,,,
2025-02-12,54.299999,,,,,,,,,,,,,,,,,,,,
2025-02-13,55.279999,,,,,,,,,,,,,,,,,,,,
2025-02-14,56.470001,,,,,,,,,,,,,,,,,,,,
2025-02-18,59.160000,,,,,,,,,,,,,,,,,,,,
2025-02-19,58.869999,,,,,,,,,,,,,,,,,,,,
2025-02-20,59.709999,,,,,,,,,,,,,,,,,,,,
2025-02-21,58.799999,,,,,,,,,,,,,,,,,,,,
2025-02-24,56.849998,,,,,,,,,,,,,,,,,,,,
2025-02-25,55.980000,,,,,,,,,,,,,,,,,,,,
2025-02-26,55.529999,,,,,,,,,,,,,,,,,,,,
2025-02-27,55.009998,,,,,,,,,,,,,,,,,,,,
2025-02-28,56.099998,,,,,,,,,,,,,,,,,,,,
2025-03-03,55.450001,,,,,,,,,,,,,,,,,,,,
2025-03-04,54.349998,,,,,,,,,,,,,,,,,,,,
2025-03-05,55.380001,,,,,,,,,,,,,,,,,,,,
2025-03-06,52.680000,,,,,,,,,,,,,,,,,,,,
2025-03-07,52.759998,,,,,,,,,,,,,,,,,,,,
2025-03-10,49.580002,,,,,,,,,,,,,,,,,,,,
2025-03-11,52.799999,,,,,,,,,,,,,,,,,,,,
2025-03-12,52.110001,,,,,,,,,,,,,,,,,,,,
2025-03-13,51.450001,,,,,,,,,,,,,,,,,,,,
2025-03-14,53.020000,,,,,,,,,,,,,,,,,,,,
2025-03-17,53.330002,,,,,,,,,,,,,,,,,,,,
2025-03-18,54.480000,,,,,,,,,,,,,,,,,,,,
2025-03-19,56.580002,,,,,,,,,,,,,,,,,,,,
2025-03-20,55.919998,,,,,,,,,,,,,,,,,,,,
2025-03-21,55.799999,,,,,,,,,,,,,,,,,,,,
2025-03-24,56.500000,,,,,,,,,,,,,,,,,,,,
2025-03-25,54.759998,,,,,,,,,,,,,,,,,,,,
2025-03-26,53.080002,,,,,,,,,,,,,,,,,,,,
2025-03-27,51.619999,,,,,,,,,,,,,,,,,,,,
2025-03-28,50.730000,,,,,,,,,,,,,,,,,,,,
2025-03-31,50.560001,,,,,,,,,,,,,,,,,,,,
2025-04-01,50.990002,,,,,,,,,,,,,,,,,,,,
2025-04-02,51.610001,,,,,,,,,,,,,,,,,,,,
2025-04-03,44.090000,,,,,,,,,,,,,,,,,,,,
2025-04-04,41.119999,,,,,,,,,,,,,,,,,,,,
2025-04-07,41.790001,,,,,,,,,,,,,,,,,,,,
2025-04-08,38.970001,,,,,,,,,,,,,,,,,,,,
2025-04-09,42.349998,,,,,,,,,,,,,,,,,,,,
2025-04-10,39.619999,,,,,,,,,,,,,,,,,,,,
2025-04-11,40.450001,,,,,,,,,,,,,,,,,,,,
2025-04-14,41.560001,,,,,,,,,,,,,,,,,,,,
2025-04-15,41.360001,,,,,,,,,,,,,,,,,,,,
2025-04-16,39.840000,,,,,,,,,,,,,,,,,,,,
2025-04-17,39.220001,,,,,,,,,,,,,,,,,,,,
2025-04-21,38.950001,,,,,,,,,,,,,,,,,,,,
2025-04-22,39.400002,,,,,,,,,,,,,,,,,,,,
2025-04-23,41.750000,,,,,,,,,,,,,,,,,,,,
2025-04-24,44.060001,,,,,,,,,,,,,,,,,,,,
2025-04-25,45.110001,,,,,,,,,,,,,,,,,,,,
2025-04-28,44.490002,,,,,,,,,,,,,,,,,,,,
2025-04-29,45.160000,,,,,,,,,,,,,,,,,,,,
2025-04-30,49.500000,,,,,,,,,,,,,,,,,,,,
2025-05-01,50.330002,,,,,,,,,,,,,,,,,,,,
2025-05-02,53.509998,,,,,,,,,,,,,,,,,,,,
2025-05-05,52.700001,,,,,,,,,,,,,,,,,,,,
2025-05-06,52.490002,,,,,,,,,,,,,,,,,,,,
2025-05-07,53.349998,,,,,,,,,,,,,,,,,,,,
2025-05-08,52.790001,,,,,,,,,,,,,,,,,,,,
2025-05-09,53.540001,,,,,,,,,,,,,,,,,,,,
2025-05-12,57.070000,,,,,,,,,,,,,,,,,,,,
2025-05-13,57.419998,,,,,,,,,,,,,,,,,,,,
2025-05-14,58.230000,,,,,,,,,,,,,,,,,,,,
2025-05-15,61.169998,,,,,,,,,,,,,,,,,,,,
2025-05-16,63.209999,,,,,,,,,,,,,,,,,,,,
2025-05-19,64.150002,,,,,,,,,,,,,,,,,,,,
2025-05-20,65.099998,,,,,,,,,,,,,,,,,,,,
2025-05-21,64.709999,,,,,,,,,,,,,,,,,,,,
2025-05-22,65.070000,,,,,,,,,,,,,,,,,,,,
2025-05-23,63.700001,,,,,,,,,,,,,,,,,,,,
2025-05-27,63.580002,,,,,,,,,,,,,,,,,,,,
2025-05-28,62.279999,,,,,,,,,,,,,,,,,,,,
2025-05-29,63.029999,,,,,,,,,,,,,,,,,,,,
2025-05-30,61.200001,,,,,,,,,,,,,,,,,,,,
2025-06-02,63.560001,,,,,,,,,,,,,,,,,,,,
2025-06-03,64.989998,,,,,,,,,,,,,,,,,,,,
2025-06-04,65.639999,,,,,,,,,,,,,,,,,,,,
2025-06-05,66.480003,,,,,,,,,,,,,,,,,,,,
2025-06-06,67.080002,,,,,,,,,,,,,,,,,,,,
2025-06-09,67.290001,,,,,,,,,,,,,,,,,,,,
2025-06-10,67.010002,,,,,,,,,,,,,,,,,,,,
2025-06-11,66.989998,,,,,,,,,,,,,,,,,,,,
2025-06-12,67.470001,,,,,,,,,,,,,,,,,,,,
2025-06-13,66.959999,,,,,,,,,,,,,,,,,,,,
2025-06-16,69.800003,,,,,,,,,,,,,,,,,,,,
2025-06-17,68.410004,,,,,,,,,,,,,,,,,,,,
2025-06-18,71.489998,,,,,,,,,,,,,,,,,,,,
2025-06-20,69.959999,,,,,,,,,,,,,,,,,,,,
2025-06-23,70.019997,,,,,,,,,,,,,,,,,,,,
2025-06-24,72.320000,,,,,,,,,,,,,,,,,,,,
2025-06-25,71.459999,,,,,,,,,,,,,,,,,,,,
2025-06-26,73.139999,,,,,,,,,,,,,,,,,,,,
2025-06-27,75.769997,,,,,,,,,,,,,,,,,,,,
2025-06-30,75.169998,,,,,,,,,,,,,,,,,,,,
2025-07-01,74.290001,,,,,,,,,,,,,,,,,,,,
2025-07-02,73.989998,,,,,,,,,,,,,,,,,,,,
2025-07-03,74.809998,,,,,,,,,,,,,,,,,,,,
2025-07-07,73.800003,,,,,,,,,,,,,,,,,,,,
2025-07-08,72.339996,,,,,,,,,,,,,,,,,,,,
2025-07-09,74.709999,,,,,,,,,,,,,,,,,,,,
2025-07-10,74.830002,,,,,,,,,,,,,,,,,,,,
2025-07-11,73.470001,,,,,,,,,,,,,,,,,,,,
2025-07-14,72.410004,,,,,,,,,,,,,,,,,,,,
2025-07-15,71.169998,,,,,,,,,,,,,,,,,,,,
2025-07-16,71.339996,,,,,,,,,,,,,,,,,,,,
2025-07-17,73.160004,,,,,,,,,,,,,,,,,,,,
2025-07-18,73.320000,,,,,,,,,,,,,,,,,,,,
2025-07-21,74.669998,,,,,,,,,,,,,,,,,,,,
2025-07-22,71.860001,,,,,,,,,,,,,,,,,,,,
2025-07-23,73.199997,,,,,,,,,,,,,,,,,,,,
2025-07-24,73.839996,,,,,,,,,,,,,,,,,,,,
2025-07-25,72.800003,,,,,,,,,,,,,,,,,,,,
2025-07-28,75.790001,,,,,,,,,,,,,,,,,,,,
2025-07-29,77.430000,,,,,,,,,,,,,,,,,,,,
2025-07-30,76.639999,,,,,,,,,,,,,,,,,,,,
2025-07-31,76.540001,,,,,,,,,,,,,,,,,,,,
2025-08-01,76.419998,,,,,,,,,,,,,,,,,,,,
2025-08-04,76.510002,,,,,,,,,,,,,,,,,,,,
2025-08-05,74.760002,,,,,,,,,,,,,,,,,,,,
2025-08-06,76.589996,,,,,,,,,,,,,,,,,,,,
2025-08-07,74.500000,,,,,,,,,,,,,,,,,,,,
2025-08-08,76.379997,,,,,,,,,,,,,,,,,,,,
2025-08-11,75.040001,,,,,,,,,,,,,,,,,,,,
2025-08-12,77.400002,,,,,,,,,,,,,,,,,,,,
2025-08-13,76.639999,,,,,,,,,,,,,,,,,,,,
2025-08-14,75.480003,2025-08-14,2025-06-30,0.490000,,,,,,,,,,,,,,,,,
2025-08-15,73.669998,2025-08-14,2025-06-30,0.490000,,,,,,,,,,,,,,,,,
2025-08-18,75.190002,2025-08-14,2025-06-30,0.490000,,,,,,,,,,,,,,,,,
2025-08-19,73.660004,2025-08-14,2025-06-30,0.490000,,,,,,,,,,,,,,,,,
2025-08-20,74.139999,2025-08-14,2025-06-30,0.490000,,,,,,,,,,,,,,,,,
2025-08-21,74.199997,2025-08-14,2025-06-30,0.490000,,,,,,,,,,,,,,,,,
2025-08-22,76.430000,2025-08-14,2025-06-30,0.490000,,,,,,,,,,,,,,,,,
2025-08-25,77.680000,2025-08-14,2025-06-30,0.490000,,,,,,,,,,,,,,,,,
2025-08-26,79.000000,2025-08-14,2025-06-30,0.490000,,,,,,,,,,,,,,,,,
2025-08-27,78.570000,2025-08-14,2025-06-30,0.490000,,,,,,,,,,,,,,,,,
2025-08-28,82.750000,2025-08-14,2025-06-30,0.490000,,,,,,,,,,,,,,,,,
2025-08-29,79.680000,2025-08-14,2025-06-30,0.490000,,,,,,,,,,,,,,,,,
2025-09-02,79.800003,2025-08-14,2025-06-30,0.490000,,,,,,,,,,,,,,,,,
2025-09-03,79.489998,2025-08-14,2025-06-30,0.490000,,,,,,,,,,,,,,,,,
2025-09-04,81.169998,2025-08-14,2025-06-30,0.490000,,,,,,,,,,,,,,,,,
2025-09-05,82.379997,2025-08-14,2025-06-30,0.490000,,,,,,,,,,,,,,,,,
2025-09-08,84.849998,2025-08-14,2025-06-30,0.490000,,,,,,,,,,,,,,,,,
2025-09-09,83.910004,2025-08-14,2025-06-30,0.490000,,,,,,,,,,,,,,,,,
2025-09-10,83.699997,2025-08-14,2025-06-30,0.490000,,,,,,,,,,,,,,,,,
2025-09-11,89.080002,2025-08-14,2025-06-30,0.490000,,,,,,,,,,,,,,,,,
2025-09-12,88.730003,2025-08-14,2025-06-30,0.490000,,,,,,,,,,,,,,,,,
2025-09-15,90.010002,2025-08-14,2025-06-30,0.490000,,,,,,,,,,,,,,,,,
2025-09-16,90.290001,2025-08-14,2025-06-30,0.490000,,,,,,,,,,,,,,,,,
2025-09-17,88.459999,2025-08-14,2025-06-30,0.490000,,,,,,,,,,,,,,,,,
2025-09-18,91.370003,2025-08-14,2025-06-30,0.490000,,,,,,,,,,,,,,,,,
2025-09-19,92.370003,2025-08-14,2025-06-30,0.490000,,,,,,,,,,,,,,,,,
2025-09-22,95.059998,2025-08-14,2025-06-30,0.490000,,,,,,,,,,,,,,,,,
2025-09-23,91.349998,2025-08-14,2025-06-30,0.490000,,,,,,,,,,,,,,,,,
2025-09-24,92.440002,2025-08-14,2025-06-30,0.490000,,,,,,,,,,,,,,,,,
2025-09-25,90.309998,2025-08-14,2025-06-30,0.490000,,,,,,,,,,,,,,,,,
2025-09-26,90.589996,2025-08-14,2025-06-30,0.490000,,,,,,,,,,,,,,,,,
2025-09-29,93.790001,2025-08-14,2025-06-30,0.490000,,,,,,,,,,,,,,,,,
2025-09-30,94.809998,2025-08-14,2025-06-30,0.490000,,,,,,,,,,,,,,,,,
2025-10-01,97.300003,2025-08-14,2025-06-30,0.490000,,,,,,,,,,,,,,,,,
2025-10-02,102.070000,2025-08-14,2025-06-30,0.490000,,,,,,,,,,,,,,,,,
2025-10-03,98.849998,2025-08-14,2025-06-30,0.490000,,,,,,,,,,,,,,,,,
2025-10-06,99.989998,2025-08-14,2025-06-30,0.490000,,,,,,,,,,,,,,,,,
2025-10-07,94.449997,2025-08-14,2025-06-30,0.490000,,,,,,,,,,,,,,,,,
2025-10-08,93.860001,2025-08-14,2025-06-30,0.490000,,,,,,,,,,,,,,,,,
2025-10-09,94.169998,2025-08-14,2025-06-30,0.490000,,,,,,,,,,,,,,,,,
2025-10-10,85.800003,2025-08-14,2025-06-30,0.490000,,,,,,,,,,,,,,,,,
2025-10-13,89.769997,2025-08-14,2025-06-30,0.490000,,,,,,,,,,,,,,,,,
2025-10-14,88.739998,2025-08-14,2025-06-30,0.490000,,,,,,,,,,,,,,,,,
2025-10-15,92.650002,2025-08-14,2025-06-30,0.490000,,,,,,,,,,,,,,,,,
2025-10-16,92.360001,2025-08-14,2025-06-30,0.490000,,,,,,,,,,,,,,,,,
2025-10-17,94.139999,2025-08-14,2025-06-30,0.490000,,,,,,,,,,,,,,,,,
2025-10-20,96.129997,2025-08-14,2025-06-30,0.490000,,,,,,,,,,,,,,,,,
2025-10-21,94.099998,2025-08-14,2025-06-30,0.490000,,,,,,,,,,,,,,,,,
2025-10-22,92.190002,2025-08-14,2025-06-30,0.490000,,,,,,,,,,,,,,,,,
2025-10-23,95.029999,2025-08-14,2025-06-30,0.490000,,,,,,,,,,,,,,,,,
2025-10-24,99.129997,2025-08-14,2025-06-30,0.490000,,,,,,,,,,,,,,,,,
2025-10-27,102.970001,2025-08-14,2025-06-30,0.490000,,,,,,,,,,,,,,,,,
2025-10-28,100.449997,2025-08-14,2025-06-30,0.490000,,,,,,,,,,,,,,,,,
2025-10-29,100.599998,2025-08-14,2025-06-30,0.490000,,,,,,,,,,,,,,,,,
2025-10-30,99.959999,2025-08-14,2025-06-30,0.490000,,,,,,,,,,,,,,,,,
2025-10-31,98.110001,2025-08-14,2025-06-30,0.490000,,,,,,,,,,,,,,,,,
2025-11-03,97.660004,2025-08-14,2025-06-30,0.490000,,,,,,,,,,,,,,,,,
2025-11-04,92.290001,2025-08-14,2025-06-30,0.490000,,,,,,,,,,,,,,,,,
2025-11-05,98.760002,2025-08-14,2025-06-30,0.490000,,,,,,,,,,,,,,,,,
2025-11-06,95.370003,2025-08-14,2025-06-30,0.490000,,,,,,,,,,,,,,,,,
2025-11-07,93.709999,2025-08-14,2025-06-30,0.490000,,,,,,,,,,,,,,,,,
2025-11-10,94.449997,2025-08-14,2025-06-30,0.490000,,,,,,,,,,,,,,,,,
2025-11-11,93.209999,2025-08-14,2025-06-30,0.490000,,,,,,,,,,,,,,,,,
2025-11-12,91.260002,2025-08-14,2025-06-30,0.490000,,,,,,,,,,,,,,,,,
2025-11-13,86.599998,2025-08-14,2025-06-30,0.490000,,,,,,,,,,,,,,,,,
2025-11-14,86.739998,2025-11-14,2025-09-30,1.160000,,,,,,,,,,,,,,,,,
2025-11-17,85.470001,2025-11-14,2025-09-30,1.160000,,,,,,,,,,,,,,,,,
2025-11-18,84.540001,2025-11-14,2025-09-30,1.160000,,,,,,,,,,,,,,,,,
2025-11-19,84.800003,2025-11-14,2025-09-30,1.160000,,,,,,,,,,,,,,,,,
2025-11-20,80.160004,2025-11-14,2025-09-30,1.160000,,,,,,,,,,,,,,,,,
2025-11-21,81.040001,2025-11-14,2025-09-30,1.160000,,,,,,,,,,,,,,,,,
2025-11-24,83.839996,2025-11-14,2025-09-30,1.160000,,,,,,,,,,,,,,,,,
2025-11-25,84.709999,2025-11-14,2025-09-30,1.160000,,,,,,,,,,,,,,,,,
2025-11-26,87.580002,2025-11-14,2025-09-30,1.160000,,,,,,,,,,,,,,,,,
2025-11-28,88.959999,2025-11-14,2025-09-30,1.160000,,,,,,,,,,,,,,,,,
2025-12-01,88.709999,2025-11-14,2025-09-30,1.160000,,,,,,,,,,,,,,,,,
2025-12-02,88.629997,2025-11-14,2025-09-30,1.160000,,,,,,,,,,,,,,,,,
2025-12-03,90.949997,2025-11-14,2025-09-30,1.160000,,,,,,,,,,,,,,,,,
2025-12-04,91.019997,2025-11-14,2025-09-30,1.160000,,,,,,,,,,,,,,,,,
2025-12-05,92.209999,2025-11-14,2025-09-30,1.160000,,,,,,,,,,,,,,,,,
2025-12-08,92.849998,2025-11-14,2025-09-30,1.160000,,,,,,,,,,,,,,,,,
2025-12-09,94.570000,2025-11-14,2025-09-30,1.160000,,,,,,,,,,,,,,,,,
2025-12-10,95.720001,2025-11-14,2025-09-30,1.160000,,,,,,,,,,,,,,,,,
2025-12-11,93.260002,2025-11-14,2025-09-30,1.160000,,,,,,,,,,,,,,,,,
2025-12-12,87.709999,2025-11-14,2025-09-30,1.160000,,,,,,,,,,,,,,,,,
2025-12-15,87.070000,2025-11-14,2025-09-30,1.160000,,,,,,,,,,,,,,,,,
2025-12-16,85.500000,2025-11-14,2025-09-30,1.160000,,,,,,,,,,,,,,,,,
2025-12-17,84.540001,2025-11-14,2025-09-30,1.160000,,,,,,,,,,,,,,,,,
2025-12-18,86.559998,2025-11-14,2025-09-30,1.160000,,,,,,,,,,,,,,,,,
2025-12-19,88.750000,2025-11-14,2025-09-30,1.160000,,,,,,,,,,,,,,,,,
2025-12-22,89.550003,2025-11-14,2025-09-30,1.160000,,,,,,,,,,,,,,,,,
2025-12-23,89.629997,2025-11-14,2025-09-30,1.160000,,,,,,,,,,,,,,,,,
2025-12-24,89.080002,2025-11-14,2025-09-30,1.160000,,,,,,,,,,,,,,,,,
2025-12-26,90.230003,2025-11-14,2025-09-30,1.160000,,,,,,,,,,,,,,,,,
2025-12-29,89.129997,2025-11-14,2025-09-30,1.160000,,,,,,,,,,,,,,,,,
2025-12-30,90.459999,2025-11-14,2025-09-30,1.160000,,,,,,,,,,,,,,,,,
2025-12-31,92.699997,2025-11-14,2025-09-30,1.160000,,,,,,,,,,,,,,,,,
2026-01-02,93.760002,2025-11-14,2025-09-30,1.160000,,,,,,,,,,,,,,,,,
2026-01-05,93.580002,2025-11-14,2025-09-30,1.160000,,,,,,,,,,,,,,,,,
2026-01-06,105.209999,2025-11-14,2025-09-30,1.160000,,,,,,,,,,,,,,,,,
2026-01-07,121.129997,2025-11-14,2025-09-30,1.160000,,,,,,,,,,,,,,,,,
2026-01-08,111.029999,2025-11-14,2025-09-30,1.160000,,,,,,,,,,,,,,,,,
2026-01-09,113.120003,2025-11-14,2025-09-30,1.160000,,,,,,,,,,,,,,,,,
2026-01-12,115.320000,2025-11-14,2025-09-30,1.160000,,,,,,,,,,,,,,,,,
2026-01-13,113.559998,2025-11-14,2025-09-30,1.160000,,,,,,,,,,,,,,,,,
2026-01-14,111.739998,2025-11-14,2025-09-30,1.160000,,,,,,,,,,,,,,,,,
2026-01-15,113.379997,2025-11-14,2025-09-30,1.160000,,,,,,,,,,,,,,,,,
2026-01-16,112.870003,2025-11-14,2025-09-30,1.160000,,,,,,,,,,,,,,,,,
2026-01-20,113.010002,2025-11-14,2025-09-30,1.160000,,,,,,,,,,,,,,,,,
2026-01-21,117.809998,2025-11-14,2025-09-30,1.160000,,,,,,,,,,,,,,,,,
2026-01-22,115.269997,2025-11-14,2025-09-30,1.160000,,,,,,,,,,,,,,,,,
2026-01-23,112.930000,2025-11-14,2025-09-30,1.160000,,,,,,,,,,,,,,,,,
2026-01-26,113.150002,2025-11-14,2025-09-30,1.160000,,,,,,,,,,,,,,,,,
2026-01-27,116.239998,2025-11-14,2025-09-30,1.160000,,,,,,,,,,,,,,,,,
2026-01-28,117.099998,2025-11-14,2025-09-30,1.160000,,,,,,,,,,,,,,,,,
2026-01-29,116.169998,2025-11-14,2025-09-30,1.160000,,,,,,,,,,,,,,,,,
2026-01-30,118.930000,2025-11-14,2025-09-30,1.160000,,,,,,,,,,,,,,,,,
2026-02-02,119.750000,2025-11-14,2025-09-30,1.160000,,,,,,,,,,,,,,,,,
2026-02-03,120.419998,2025-11-14,2025-09-30,1.160000,,,,,,,,,,,,,,,,,
2026-02-04,128.369995,2025-11-14,2025-09-30,1.160000,,,,,,,,,,,,,,,,,
2026-02-05,126.180000,2025-11-14,2025-09-30,1.160000,,,,,,,,,,,,,,,,,
2026-02-06,128.059998,2025-11-14,2025-09-30,1.160000,,,,,,,,,,,,,,,,,
2026-02-09,137.550003,2025-11-14,2025-09-30,1.160000,,,,,,,,,,,,,,,,,
2026-02-10,131.320007,2025-11-14,2025-09-30,1.160000,,,,,,,,,,,,,,,,,
2026-02-11,139.940002,2025-11-14,2025-09-30,1.160000,,,,,,,,,,,,,,,,,
2026-02-12,138.350006,2025-11-14,2025-09-30,1.160000,,,,,,,,,,,,,,,,,
2026-02-13,136.279999,2025-11-14,2025-09-30,1.160000,,,,,,,,,,,,,,,,,
2026-02-17,131.360001,2026-02-14,2025-12-31,1.410000,,,,,,,,,,,,,,,,,
2026-02-18,132.759995,2026-02-14,2025-12-31,1.410000,,,,,,,,,,,,,,,,,
2026-02-19,132.309998,2026-02-14,2025-12-31,1.410000,,,,,,,,,,,,,,,,,
2026-02-20,134.880005,2026-02-14,2025-12-31,1.410000,,,,,,,,,,,,,,,,,
2026-02-23,136.160004,2026-02-14,2025-12-31,1.410000,,,,,,,,,,,,,,,,,
2026-02-24,135.889999,2026-02-14,2025-12-31,1.410000,,,,,,,,,,,,,,,,,
2026-02-25,143.009995,2026-02-14,2025-12-31,1.410000,,,,,,,,,,,,,,,,,
2026-02-26,131.080002,2026-02-14,2025-12-31,1.410000,,,,,,,,,,,,,,,,,
2026-02-27,129.229996,2026-02-14,2025-12-31,1.410000,,,,,,,,,,,,,,,,,
2026-03-02,129.190002,2026-02-14,2025-12-31,1.410000,,,,,,,,,,,,,,,,,
2026-03-03,119.430000,2026-02-14,2025-12-31,1.410000,,,,,,,,,,,,,,,,,
2026-03-04,122.300003,2026-02-14,2025-12-31,1.410000,,,,,,,,,,,,,,,,,
2026-03-05,123.760002,2026-02-14,2025-12-31,1.410000,,,,,,,,,,,,,,,,,
2026-03-06,118.349998,2026-02-14,2025-12-31,1.410000,,,,,,,,,,,,,,,,,
2026-03-09,121.629997,2026-02-14,2025-12-31,1.410000,,,,,,,,,,,,,,,,,
2026-03-10,122.779999,2026-02-14,2025-12-31,1.410000,,,,,,,,,,,,,,,,,
2026-03-11,123.639999,2026-02-14,2025-12-31,1.410000,,,,,,,,,,,,,,,,,
2026-03-12,120.110001,2026-02-14,2025-12-31,1.410000,,,,,,,,,,,,,,,,,
2026-03-13,123.260002,2026-02-14,2025-12-31,1.410000,,,,,,,,,,,,,,,,,
2026-03-16,125.970001,2026-02-14,2025-12-31,1.410000,,,,,,,,,,,,,,,,,
2026-03-17,126.180000,2026-02-14,2025-12-31,1.410000,,,,,,,,,,,,,,,,,
2026-03-18,125.400002,2026-02-14,2025-12-31,1.410000,,,,,,,,,,,,,,,,,
2026-03-19,127.500000,2026-02-14,2025-12-31,1.410000,,,,,,,,,,,,,,,,,
2026-03-20,123.760002,2026-02-14,2025-12-31,1.410000,,,,,,,,,,,,,,,,,
2026-03-23,123.730003,2026-02-14,2025-12-31,1.410000,,,,,,,,,,,,,,,,,
2026-03-24,118.639999,2026-02-14,2025-12-31,1.410000,,,,,,,,,,,,,,,,,
2026-03-25,110.930000,2026-02-14,2025-12-31,1.410000,,,,,,,,,,,,,,,,,
2026-03-26,111.230003,2026-02-14,2025-12-31,1.410000,,,,,,,,,,,,,,,,,
2026-03-27,110.059998,2026-02-14,2025-12-31,1.410000,,,,,,,,,,,,,,,,,
2026-03-30,105.449997,2026-02-14,2025-12-31,1.410000,,,,,,,,,,,,,,,,,
2026-03-31,112.290001,2026-02-14,2025-12-31,1.410000,,,,,,,,,,,,,,,,,
2026-04-01,116.980003,2026-02-14,2025-12-31,1.410000,,,,,,,,,,,,,,,,,
2026-04-02,113.900002,2026-02-14,2025-12-31,1.410000,,,,,,,,,,,,,,,,,
2026-04-06,116.589996,2026-02-14,2025-12-31,1.410000,,,,,,,,,,,,,,,,,
2026-04-07,117.010002,2026-02-14,2025-12-31,1.410000,,,,,,,,,,,,,,,,,
2026-04-08,121.750000,2026-02-14,2025-12-31,1.410000,,,,,,,,,,,,,,,,,
2026-04-09,127.000000,2026-02-14,2025-12-31,1.410000,,,,,,,,,,,,,,,,,
2026-04-10,126.709999,2026-02-14,2025-12-31,1.410000,,,,,,,,,,,,,,,,,
2026-04-13,126.000000,2026-02-14,2025-12-31,1.410000,,,,,,,,,,,,,,,,,
2026-04-14,130.149994,2026-02-14,2025-12-31,1.410000,,,,,,,,,,,,,,,,,
2026-04-15,139.029999,2026-02-14,2025-12-31,1.410000,,,,,,,,,,,,,,,,,
2026-04-16,137.000000,2026-02-14,2025-12-31,1.410000,,,,,,,,,,,,,,,,,
2026-04-17,139.710007,2026-02-14,2025-12-31,1.410000,,,,,,,,,,,,,,,,,
2026-04-20,138.699997,2026-02-14,2025-12-31,1.410000,,,,,,,,,,,,,,,,,
2026-04-21,142.449997,2026-02-14,2025-12-31,1.410000,,,,,,,,,,,,,,,,,
2026-04-22,141.949997,2026-02-14,2025-12-31,1.410000,,,,,,,,,,,,,,,,,
2026-04-23,142.000000,2026-02-14,2025-12-31,1.410000,,,,,,,,,,,,,,,,,
2026-04-24,153.460007,2026-02-14,2025-12-31,1.410000,,,,,,,,,,,,,,,,,
2026-04-27,147.539993,2026-02-14,2025-12-31,1.410000,,,,,,,,,,,,,,,,,
2026-04-28,149.179993,2026-02-14,2025-12-31,1.410000,,,,,,,,,,,,,,,,,
2026-04-29,217.500000,2026-02-14,2025-12-31,1.410000,,,,,,,,,,,,,,,,,
2026-04-30,218.779999,2026-02-14,2025-12-31,1.410000,,,,,,,,,,,,,,,,,
2026-05-01,234.520004,2026-02-14,2025-12-31,1.410000,,,,,,,,,,,,,,,,,
2026-05-04,227.160004,2026-02-14,2025-12-31,1.410000,,,,,,,,,,,,,,,,,
2026-05-05,238.410004,2026-02-14,2025-12-31,1.410000,,,,,,,,,,,,,,,,,
2026-05-06,244.949997,2026-02-14,2025-12-31,1.410000,,,,,,,,,,,,,,,,,
2026-05-07,242.710007,2026-02-14,2025-12-31,1.410000,,,,,,,,,,,,,,,,,
2026-05-08,253.589996,2026-02-14,2025-12-31,1.410000,,,,,,,,,,,,,,,,,
2026-05-11,262.049988,2026-02-14,2025-12-31,1.410000,,,,,,,,,,,,,,,,,
2026-05-12,258.709991,2026-02-14,2025-12-31,1.410000,,,,,,,,,,,,,,,,,
2026-05-13,269.869995,2026-02-14,2025-12-31,1.410000,,,,,,,,,,,,,,,,,
2026-05-14,263.850006,2026-02-14,2025-12-31,1.410000,,,,,,,,,,,,,,,,,
2026-05-15,259.989990,2026-05-15,2026-03-31,1.968000,5.028000,51.708431,,,,,,,,,,,,,,,
2026-05-18,239.759995,2026-05-15,2026-03-31,1.968000,5.028000,47.684963,,,,,,,,,,,,,,,
2026-05-19,252.919998,2026-05-15,2026-03-31,1.968000,5.028000,50.302307,,,,,,,,,,,,,,,
2026-05-20,258.019989,2026-05-15,2026-03-31,1.968000,5.028000,51.316625,,,,,,,,,,,,,,,
2026-05-21,263.510010,2026-05-15,2026-03-31,1.968000,5.028000,52.408514,,,,,,,,,,,,,,,
2026-05-22,276.140015,2026-05-15,2026-03-31,1.968000,5.028000,54.920448,,,,,,,,,,,,,,,
2026-05-26,290.320007,2026-05-15,2026-03-31,1.968000,5.028000,57.740654,,,,,,,,,,,,,,,
2026-05-27,284.980011,2026-05-15,2026-03-31,1.968000,5.028000,56.678602,,,,,,,,,,,,,,,
2026-05-28,282.440002,2026-05-15,2026-03-31,1.968000,5.028000,56.173429,,,,,,,,,,,,,,,
2026-05-29,276.869995,2026-05-15,2026-03-31,1.968000,5.028000,55.065631,,,,,,,,,,,,,,,
2026-06-01,268.049988,2026-05-15,2026-03-31,1.968000,5.028000,53.311453,,,,,,,,,,,,,,,
2026-06-02,301.269989,2026-05-15,2026-03-31,1.968000,5.028000,59.918454,,,,,,,,,,,,,,,
2026-06-03,306.570007,2026-05-15,2026-03-31,1.968000,5.028000,60.972555,,,,,,,,,,,,,,,
2026-06-04,294.670013,2026-05-15,2026-03-31,1.968000,5.028000,58.605810,,,,,,,,,,,,,,,
2026-06-05,258.700012,2026-05-15,2026-03-31,1.968000,5.028000,51.451872,,,,,,,,,,,,,,,
2026-06-08,263.209991,2026-05-15,2026-03-31,1.968000,5.028000,52.348845,,,,,,,,,,,,,,,
2026-06-09,259.750000,2026-05-15,2026-03-31,1.968000,5.028000,51.660700,,,,,,,,,,,,,,,
2026-06-10,251.679993,2026-05-15,2026-03-31,1.968000,5.028000,50.055687,,,,,,,,,,,,,,,
2026-06-11,274.339996,2026-05-15,2026-03-31,1.968000,5.028000,54.562450,,,,,,,,,,,,,,,
2026-06-12,280.489990,2026-05-15,2026-03-31,1.968000,5.028000,55.785599,,,,,,,,,,,,,,,
2026-06-15,276.399994,2026-05-15,2026-03-31,1.968000,5.028000,54.972155,,,,,,,,,,,,,,,
2026-06-16,282.679993,2026-05-15,2026-03-31,1.968000,5.028000,56.221160,,,,,,,,,,,,,,,
2026-06-17,307.119995,2026-05-15,2026-03-31,1.968000,5.028000,61.081940,,,,,,,,,,,,,,,
2026-06-18,321.660004,2026-05-15,2026-03-31,1.968000,5.028000,63.973748,,,,,,,,,,,,,,,
2026-06-22,336.899994,2026-05-15,2026-03-31,1.968000,5.028000,67.004772,,,,,,,,,,,,,,,
2026-06-23,319.000000,2026-05-15,2026-03-31,1.968000,5.028000,63.444710,,,,,,,,,,,,,,,
2026-06-24,321.660004,2026-05-15,2026-03-31,1.968000,5.028000,63.973748,,,,,,,,,,,,,,,
2026-06-25,325.260010,2026-05-15,2026-03-31,1.968000,5.028000,64.689739,,,,,,,,,,,,,,,
2026-06-26,305.279999,2026-05-15,2026-03-31,1.968000,5.028000,60.715990,,,,,,,,,,,,,,,
2026-06-29,331.940002,2026-05-15,2026-03-31,1.968000,5.028000,66.018298,,,,,,,,,,,,,,,
2026-06-30,333.329987,2026-05-15,2026-03-31,1.968000,5.028000,66.294747,,,,,,,,,,,,,,,
2026-07-01,316.980011,2026-05-15,2026-03-31,1.968000,5.028000,63.042962,,,,,,,,,,,,,,,
2026-07-02,300.709991,2026-05-15,2026-03-31,1.968000,5.028000,59.807079,,,,,,,,,,,,,,,
2026-07-06,318.859985,2026-05-15,2026-03-31,1.968000,5.028000,63.416863,,,,,,,,,,,,,,,
2026-07-07,294.899994,2026-05-15,2026-03-31,1.968000,5.028000,58.651550,,,,,,,,,,,,,,,
2026-07-08,313.299988,2026-05-15,2026-03-31,1.968000,5.028000,62.311056,,,,,,,,,,,,,,,
2026-07-09,324.260010,2026-05-15,2026-03-31,1.968000,5.028000,64.490853,,,,,,,,,,,,,,,
2026-07-10,326.350006,2026-05-15,2026-03-31,1.968000,5.028000,64.906525,,,,,,,,,,,,,,,
2026-07-13,299.510010,2026-05-15,2026-03-31,1.968000,5.028000,59.568419,,,,,,,,,,,,,,,
2026-07-14,308.410004,2026-05-15,2026-03-31,1.968000,5.028000,61.338505,,,,,,,,,,,,,,,
2026-07-15,293.399994,2026-05-15,2026-03-31,1.968000,5.028000,58.353221,,,,,,,,,,,,,,,
2026-07-16,272.450012,2026-05-15,2026-03-31,1.968000,5.028000,54.186558,,,,,,,,,,,,,,,
2026-07-17,264.329987,2026-05-15,2026-03-31,1.968000,5.028000,52.571596,,,,,,,,,,,,,,,
2026-07-20,252.610001,2026-05-15,2026-03-31,1.968000,5.028000,50.240652,,,,,,,,,,,,,,,
2026-07-21,278.170013,2026-05-15,2026-03-31,1.968000,5.028000,55.324187,,,,,,,,,,,,,,,
2026-07-22,281.679993,2026-05-15,2026-03-31,1.968000,5.028000,56.022274,,,,,,,,,,,,,,,
2026-07-23,289.079987,2026-05-15,2026-03-31,1.968000,5.028000,57.494031,,,,,,,,,,,,,,,
2026-07-24,270.899994,2026-05-15,2026-03-31,1.968000,5.028000,53.878280,,,,,,,,,,,,,,,
2026-07-27,244.449997,2026-05-15,2026-03-31,1.968000,5.028000,48.617740,,,,,,,,,,,,,,,
2026-07-28,221.419998,2026-05-15,2026-03-31,1.968000,5.028000,44.037390,,,,,,,,,,,,,,,
2026-07-29,209.679993,2026-05-15,2026-03-31,1.968000,5.028000,41.702465,,,,,,,,,,,,,,,
2026-07-30,255.100006,2026-05-15,2026-03-31,1.968000,5.028000,50.735880,,,,,,,,,,,,,,,
2026-07-31,253.600006,2026-05-15,2026-03-31,1.968000,5.028000,50.437551,,,,,,,,,,,,,,,
2026-08-03,251.520004,2026-05-15,2026-03-31,1.968000,5.028000,50.023867,,,,,,,,,,,,,,,
2026-08-04,268.489990,2026-05-15,2026-03-31,1.968000,5.028000,53.398964,,,,,,,,,,,,,,,
2026-08-05,246.649994,2026-05-15,2026-03-31,1.968000,5.028000,49.055289,,,,,,,,,,,,,,,
2026-08-06,267.429993,2026-05-15,2026-03-31,1.968000,5.028000,53.188145,,,,,,,,,,,,,,,
2026-08-07,256.119995,2026-05-15,2026-03-31,1.968000,5.028000,50.938742,,,,,,,,,,,,,,,
2026-08-10,230.610001,2026-05-15,2026-03-31,1.968000,5.028000,45.865155,,,,,,,,,,,,,,,
2026-08-11,224.000000,2026-05-15,2026-03-31,1.968000,5.028000,44.550517,,,,,,,,,,,,,,,
2026-08-12,241.309998,2026-05-15,2026-03-31,1.968000,5.028000,47.993237,,,,,,,,,,,,,,,
2026-08-13,249.119995,2026-05-15,2026-03-31,1.968000,5.028000,49.546538,,,,,,,,,,,,,,,
2026-08-14,268.899994,2026-08-14,2026-06-30,3.990000,8.528000,31.531425,,,,,,,,,,,,,,,
2026-08-17,272.700012,2026-08-14,2026-06-30,3.990000,8.528000,31.977018,,,,,,,,,,,,,,,
2026-08-18,251.720001,2026-08-14,2026-06-30,3.990000,8.528000,29.516886,,,,,,,,,,,,,,,
2026-08-19,242.800003,2026-08-14,2026-06-30,3.990000,8.528000,28.470920,,,,,,,,,,,,,,,
2026-08-20,249.649994,2026-08-14,2026-06-30,3.990000,8.528000,29.274155,,,,,,,,,,,,,,,
2026-08-21,258.359985,2026-08-14,2026-06-30,3.990000,8.528000,30.295495,,,,,,,,,,,,,,,
2026-08-24,243.179993,2026-08-14,2026-06-30,3.990000,8.528000,28.515478,,,,,,,,,,,,,,,
2026-08-25,241.830002,2026-08-14,2026-06-30,3.990000,8.528000,28.357177,,,,,,,,,,,,,,,
2026-08-26,263.109985,2026-08-14,2026-06-30,3.990000,8.528000,30.852484,,,,,,,,,,,,,,,
2026-08-27,255.080002,2026-08-14,2026-06-30,3.990000,8.528000,29.910882,,,,,,,,,,,,,,,
2026-08-28,245.809998,2026-08-14,2026-06-30,3.990000,8.528000,28.823874,,,,,,,,,,,,,,,
2026-08-31,246.839996,2026-08-14,2026-06-30,3.990000,8.528000,28.944652,,,,,,,,,,,,,,,
2026-09-01,237.350006,2026-08-14,2026-06-30,3.990000,8.528000,27.831849,,,,,,,,,,,,,,,
2026-09-02,242.509995,2026-08-14,2026-06-30,3.990000,8.528000,28.436913,,,,,,,,,,,,,,,
2026-09-03,235.699997,2026-08-14,2026-06-30,3.990000,8.528000,27.638367,,,,,,,,,,,,,,,
2026-09-04,256.209991,2026-08-14,2026-06-30,3.990000,8.528000,30.043385,,,,,,,,,,,,,,,
2026-09-08,272.019989,2026-08-14,2026-06-30,3.990000,8.528000,31.897278,,,,,,,,,,,,,,,
2026-09-09,277.700012,2026-08-14,2026-06-30,3.990000,8.528000,32.563322,,,,,,,,,,,,,,,
2026-09-10,265.250000,2026-08-14,2026-06-30,3.990000,8.528000,31.103424,,,,,,,,,,,,,,,
2026-09-11,284.480011,2026-08-14,2026-06-30,3.990000,8.528000,33.358350,,,,,,,,,,,,,,,
2026-09-14,236.809998,2026-08-14,2026-06-30,3.990000,8.528000,27.768527,,,,,,,,,,,,,,,
2026-09-15,239.199997,2026-08-14,2026-06-30,3.990000,8.528000,28.048780,,,,,,,,,,,,,,,
2026-09-16,241.139999,2026-08-14,2026-06-30,3.990000,8.528000,28.276266,,,,,,,,,,,,,,,
2026-09-17,253.300003,2026-08-14,2026-06-30,3.990000,8.528000,29.702158,,,,,,,,,,,,,,,
2026-09-18,272.109985,2026-08-14,2026-06-30,3.990000,8.528000,31.907831,,,,,,,,,,,,,,,
2026-09-21,269.000000,2026-08-14,2026-06-30,3.990000,8.528000,31.543152,,,,,,,,,,,,,,,
2026-09-22,283.260010,2026-08-14,2026-06-30,3.990000,8.528000,33.215292,,,,,,,,,,,,,,,
2026-09-23,276.529999,2026-08-14,2026-06-30,3.990000,8.528000,32.426126,,,,,,,,,,,,,,,
2026-09-24,275.100006,2026-08-14,2026-06-30,3.990000,8.528000,32.258443,,,,,,,,,,,,,,,
2026-09-25,276.230011,2026-08-14,2026-06-30,3.990000,8.528000,32.390949,,,,,,,,,,,,,,,
2026-09-28,278.070007,2026-08-14,2026-06-30,3.990000,8.528000,32.606708,,,,,,,,,,,,,,,
